2026-05-28 06:37:08 - wallet_gen - INFO - Starting wallet generation: count=3, format=json
2026-05-28 06:37:08 - wallet_gen - DEBUG - Generated wallet: 0xB50fdF3934E20E0F398B61F8bec86E45144d12c7
2026-05-28 06:37:08 - wallet_gen - DEBUG - Generated wallet: 0xF95b7b00bA89fc4773dbB1C564255d54945e5E88
2026-05-28 06:37:08 - wallet_gen - DEBUG - Generated wallet: 0x30Eb7937a149e39c60Fb6b7a5789a42d4427a746
2026-05-28 06:37:08 - wallet_gen - INFO - Successfully generated 3 wallets
2026-05-28 06:37:08 - wallet_gen - INFO - Saved 3 wallets to JSON: output/wallets_20260528_063708.json
2026-05-28 06:37:08 - wallet_gen - INFO - Wallet generation completed successfully
2026-05-28 06:37:20 - wallet_gen - INFO - Starting wallet generation: count=2, format=csv
2026-05-28 06:37:20 - wallet_gen - DEBUG - Generated wallet: 0xBF335D7a38320cb20DF9135b17823b83a614Fc28
2026-05-28 06:37:20 - wallet_gen - DEBUG - Generated wallet: 0xE9fB5b2da42F91e24555CfE1218CA325EA84Edce
2026-05-28 06:37:20 - wallet_gen - INFO - Successfully generated 2 wallets
2026-05-28 06:37:20 - wallet_gen - INFO - Saved 2 wallets to CSV: output/wallets_20260528_063720.csv
2026-05-28 06:37:20 - wallet_gen - INFO - Wallet generation completed successfully
2026-05-28 06:37:26 - wallet_gen - INFO - Starting wallet generation: count=2, format=txt
2026-05-28 06:37:26 - wallet_gen - DEBUG - Generated wallet: 0xAfA15439499830DB42A8874Cb3cafF4A04139215
2026-05-28 06:37:26 - wallet_gen - DEBUG - Generated wallet: 0x7E102E74C66a6520158c051939801AF2D19C64dE
2026-05-28 06:37:26 - wallet_gen - INFO - Successfully generated 2 wallets
2026-05-28 06:37:26 - wallet_gen - INFO - Saved 2 wallets to TXT: output/wallets_20260528_063726.txt
2026-05-28 06:37:26 - wallet_gen - INFO - Wallet generation completed successfully
2026-05-28 06:49:46 - wallet_gen - INFO - Starting generation: count=10, batch_size=0, db=wallets.db
2026-05-28 06:49:46 - wallet_gen - INFO - Connected to database: wallets.db
2026-05-28 06:49:46 - wallet_gen - INFO - Wallets table created or verified
2026-05-28 06:49:46 - wallet_gen - DEBUG - Generated wallet: 0x966f9E1f52754D95D7Fd72018474244606931D4A
2026-05-28 06:49:46 - wallet_gen - DEBUG - Generated wallet: 0x84072BEC5Db27E2734F0Fdc08EdD747dA44B5756
2026-05-28 06:49:46 - wallet_gen - DEBUG - Generated wallet: 0x219024122512C28f90c41e819DD0Dc1a5bC873Ed
2026-05-28 06:49:46 - wallet_gen - DEBUG - Generated wallet: 0x5fEBea6d1387a85F7886915A261A5e0234dce540
2026-05-28 06:49:46 - wallet_gen - DEBUG - Generated wallet: 0x40ADCCcBF9f008450e19aD12F0e65330c900dB59
2026-05-28 06:49:46 - wallet_gen - DEBUG - Generated wallet: 0x09E8fd9483965d3c6Ce1D5806F2C79A0c6748b95
2026-05-28 06:49:46 - wallet_gen - DEBUG - Generated wallet: 0xAfA730cA63FF5580578e3FEaFD7050844754D57A
2026-05-28 06:49:46 - wallet_gen - DEBUG - Generated wallet: 0xa8c85a4e03f134010706dBDF48960f860aaA2ef2
2026-05-28 06:49:46 - wallet_gen - DEBUG - Generated wallet: 0xCfF94724be557aAE02F87CB877C1B6Ea299aE6b5
2026-05-28 06:49:46 - wallet_gen - DEBUG - Generated wallet: 0x8d00ec69d7393cA8765212B8b5754DE51D802276
2026-05-28 06:49:46 - wallet_gen - INFO - Generation completed: 10 wallets generated
2026-05-28 06:49:46 - wallet_gen - INFO - Database connection closed
2026-05-28 06:49:54 - wallet_gen - INFO - Starting generation: count=15, batch_size=0, db=wallets.db
2026-05-28 06:49:54 - wallet_gen - INFO - Connected to database: wallets.db
2026-05-28 06:49:54 - wallet_gen - INFO - Wallets table created or verified
2026-05-28 06:49:54 - wallet_gen - DEBUG - Generated wallet: 0xf0D4041C9a569E72DCBDA717e8fD2eee2052f2F7
2026-05-28 06:49:54 - wallet_gen - DEBUG - Generated wallet: 0x3Ae0136aCc14bC7D99554A6350dE06E877Af90f6
2026-05-28 06:49:54 - wallet_gen - DEBUG - Generated wallet: 0x1aE19f4a8754Ab8BBA9E17F0864De72310f10bBE
2026-05-28 06:49:54 - wallet_gen - DEBUG - Generated wallet: 0x17B4cd4Fa340773347Ed799dedF74D28443eb5C5
2026-05-28 06:49:54 - wallet_gen - DEBUG - Generated wallet: 0xb2993bfc86f422Abf6169767cEE58146c1DFAa06
2026-05-28 06:49:54 - wallet_gen - DEBUG - Generated wallet: 0x07314dE8cCB034288c8d43a6e8f962477dE6aBAe
2026-05-28 06:49:54 - wallet_gen - DEBUG - Generated wallet: 0xA56cA33c49ad73b1365E70b2080CDde68DF2C2B9
2026-05-28 06:49:54 - wallet_gen - DEBUG - Generated wallet: 0x1C09de3e3C7b6Cf942596B0DBcAEb79BF84FE56e
2026-05-28 06:49:54 - wallet_gen - DEBUG - Generated wallet: 0x1B4EB7F868CD9804BBed3E2D2bDcD15E56EAe9D7
2026-05-28 06:49:54 - wallet_gen - DEBUG - Generated wallet: 0x07e8Aa07b7E2772036A6d61944e4f0aB65C4A8c5
2026-05-28 06:49:54 - wallet_gen - DEBUG - Generated wallet: 0x7B835f007A6Fc7907c5875a19cc61320016eCaE3
2026-05-28 06:49:54 - wallet_gen - DEBUG - Generated wallet: 0xe4320e9Efde25914115855E8cec5BD4BF6409b26
2026-05-28 06:49:54 - wallet_gen - DEBUG - Generated wallet: 0xaF44764E45b92D7757FF7bB0CFb7C69b1e6E78b2
2026-05-28 06:49:54 - wallet_gen - DEBUG - Generated wallet: 0x6e51299d84D06a324182Fd4343AD1b57CE94D4A6
2026-05-28 06:49:54 - wallet_gen - DEBUG - Generated wallet: 0x30b62Ae98eC71107b3A287d8973e5a8792799400
2026-05-28 06:49:54 - wallet_gen - INFO - Generation completed: 15 wallets generated
2026-05-28 06:49:54 - wallet_gen - INFO - Database connection closed
2026-05-28 06:50:00 - wallet_gen - INFO - Starting generation: count=100, batch_size=25, db=wallets.db
2026-05-28 06:50:00 - wallet_gen - INFO - Connected to database: wallets.db
2026-05-28 06:50:00 - wallet_gen - INFO - Wallets table created or verified
2026-05-28 06:50:00 - wallet_gen - DEBUG - Generated wallet: 0x50199817239Bc18Cd471dEfc8431CFa6D875732c
2026-05-28 06:50:00 - wallet_gen - DEBUG - Generated wallet: 0x5eC3b37ca3361EE78D9Fa0A28496C1fE550bB744
2026-05-28 06:50:00 - wallet_gen - DEBUG - Generated wallet: 0x7740bEa29EC3E87dF69d157867B658887Fb47bb7
2026-05-28 06:50:00 - wallet_gen - DEBUG - Generated wallet: 0xE0b281034cb7fB01450643709db860D76698Ea43
2026-05-28 06:50:00 - wallet_gen - DEBUG - Generated wallet: 0x5f7fc69Dd7484fA294e0959E03a25CF73A1C5000
2026-05-28 06:50:00 - wallet_gen - DEBUG - Generated wallet: 0x58c49751735e7eadA158B4b2ef94C2Ce9B0bbC92
2026-05-28 06:50:00 - wallet_gen - DEBUG - Generated wallet: 0x69d73af263234D648FEd0e60A9bdF417a134C4a6
2026-05-28 06:50:00 - wallet_gen - DEBUG - Generated wallet: 0xaDD97f6bBBECa408225b3c0BCA29ebC0ecA1A651
2026-05-28 06:50:00 - wallet_gen - DEBUG - Generated wallet: 0xa6CF5fd60814a02fb4524cC7055dAE7551707BEF
2026-05-28 06:50:00 - wallet_gen - DEBUG - Generated wallet: 0xA4ACa0825FB7B2c1796B8d161cf5C3a4Ab90e103
2026-05-28 06:50:00 - wallet_gen - DEBUG - Generated wallet: 0xdf1535274ECc08e32343B2b69005F8c10bC57fEe
2026-05-28 06:50:00 - wallet_gen - DEBUG - Generated wallet: 0x72E43fFE9488aB1c17aA708c94bf839781E9B45D
2026-05-28 06:50:00 - wallet_gen - DEBUG - Generated wallet: 0x063220B5f8F374aEeAbB4a883033de6122BE69c6
2026-05-28 06:50:00 - wallet_gen - DEBUG - Generated wallet: 0xc96b9e3879938a986484b3f9A2273781dC3F4fe2
2026-05-28 06:50:00 - wallet_gen - DEBUG - Generated wallet: 0x7747df3421d4f2dF9656e77F42e897149Ae79cdA
2026-05-28 06:50:00 - wallet_gen - DEBUG - Generated wallet: 0x1DE5884fB97664DC50fdfa89B6a8988404ceb158
2026-05-28 06:50:00 - wallet_gen - DEBUG - Generated wallet: 0x9c49ecb6bec1d32fE1380de87EA9a0B2D6F7A902
2026-05-28 06:50:00 - wallet_gen - DEBUG - Generated wallet: 0xb6f326a40d562f722ACFa7e166ABa1B4374aDa63
2026-05-28 06:50:00 - wallet_gen - DEBUG - Generated wallet: 0x7Ee35Be14dDb0463f099273b6d03447B4e33117F
2026-05-28 06:50:00 - wallet_gen - DEBUG - Generated wallet: 0x89aA6faF77ECd3F6095C990260849CF028731EEB
2026-05-28 06:50:00 - wallet_gen - DEBUG - Generated wallet: 0x81468CD219A0F850f44C1aB657fcDE3c4FbFF19a
2026-05-28 06:50:00 - wallet_gen - DEBUG - Generated wallet: 0x56Bee7935E79ABbc5473B9A662898525F2FF0F08
2026-05-28 06:50:00 - wallet_gen - DEBUG - Generated wallet: 0x41D45Bb0e25dbBC165C673fD749848D75deC6ddf
2026-05-28 06:50:00 - wallet_gen - DEBUG - Generated wallet: 0xfEF2464a2b768c818D5d70A056D95315b6E60421
2026-05-28 06:50:00 - wallet_gen - DEBUG - Generated wallet: 0x640C8fb63F22A38803b6AFE300c27Eaa4c2c604B
2026-05-28 06:50:00 - wallet_gen - DEBUG - Generated wallet: 0xE0760A8BC341077598BA57F314475D9f6D23a0c0
2026-05-28 06:50:00 - wallet_gen - DEBUG - Generated wallet: 0x760C644776d8a18e539bdC50fF9F909b3fb39209
2026-05-28 06:50:00 - wallet_gen - DEBUG - Generated wallet: 0x7007BbaD7d55F19AbbA6dc3E5159B23eAD409270
2026-05-28 06:50:00 - wallet_gen - DEBUG - Generated wallet: 0xAAcE2DB666A9C4a63D14fB0D594374f60b088036
2026-05-28 06:50:00 - wallet_gen - DEBUG - Generated wallet: 0x3e5a4f64D337dCa5d91c92747137d834c2981A94
2026-05-28 06:50:00 - wallet_gen - DEBUG - Generated wallet: 0xB97062c46CD9B0cB05F3Ab77453378EA9402e90a
2026-05-28 06:50:00 - wallet_gen - DEBUG - Generated wallet: 0x60a8F7DA01Ca83dA38a2F4387899633067b7e0Df
2026-05-28 06:50:00 - wallet_gen - DEBUG - Generated wallet: 0xF30176e9E0B465BE8573cA34e2f8C106c4FD5818
2026-05-28 06:50:00 - wallet_gen - DEBUG - Generated wallet: 0xA2Af2ECfb5b21922f749d63FFED4491e00b1eC37
2026-05-28 06:50:00 - wallet_gen - DEBUG - Generated wallet: 0x48fFe567F02085d17BB3629eB781fa1B50B7fd1F
2026-05-28 06:50:00 - wallet_gen - DEBUG - Generated wallet: 0xa0b49Ca3DdB86AfDfC7168b2d1F9e92633670De0
2026-05-28 06:50:00 - wallet_gen - DEBUG - Generated wallet: 0xb580AbC5B8f986e3959402C218E889362Fa6B651
2026-05-28 06:50:00 - wallet_gen - DEBUG - Generated wallet: 0x092c1a8a350F2376559599b84Dfe1f376D98999A
2026-05-28 06:50:00 - wallet_gen - DEBUG - Generated wallet: 0x59cEc3F2f70371ECc6040a71713257ab146ce6fe
2026-05-28 06:50:00 - wallet_gen - DEBUG - Generated wallet: 0x7eD56DF50282B14Eb6dD4fD12B0B604a3F49Ec4A
2026-05-28 06:50:00 - wallet_gen - DEBUG - Generated wallet: 0x4A3ACEa5F5c1213216033796710e6E23cc7908AF
2026-05-28 06:50:00 - wallet_gen - DEBUG - Generated wallet: 0x36d0ac7C015C183acACC9d78c1100d6FFD729C7B
2026-05-28 06:50:00 - wallet_gen - DEBUG - Generated wallet: 0xC2aA0A0f02eC137d998a3061AbccC843659E27D0
2026-05-28 06:50:00 - wallet_gen - DEBUG - Generated wallet: 0x28d6EdF92FeEd8B6312c289Ef7a97CA758204180
2026-05-28 06:50:00 - wallet_gen - DEBUG - Generated wallet: 0x454930fb55d6255E1eD8c1F26EA4EF2BC1ac8A16
2026-05-28 06:50:00 - wallet_gen - DEBUG - Generated wallet: 0x3Dc7D341feC2Efa5540338B4dFc0Db7E47C224cc
2026-05-28 06:50:00 - wallet_gen - DEBUG - Generated wallet: 0x3644CEE85EF3A78E591c0C00a0A883E8a5fDEFC7
2026-05-28 06:50:00 - wallet_gen - DEBUG - Generated wallet: 0xE63C509B35e4B1c16c94500AC6ECb9e9948f86Ed
2026-05-28 06:50:00 - wallet_gen - DEBUG - Generated wallet: 0x80BB5BdB437a1c248bf337480A36580a743c2e29
2026-05-28 06:50:00 - wallet_gen - DEBUG - Generated wallet: 0x3aAa0a94a887A7CE2e0E0aB32fDCF67CDB7a5dA8
2026-05-28 06:50:00 - wallet_gen - DEBUG - Generated wallet: 0x19b547cD02FBC4d2d64E1e2d12E7B0ed205408f0
2026-05-28 06:50:00 - wallet_gen - DEBUG - Generated wallet: 0x0c907bE4231e3580ea9eba04B0A7101Ba72Ff338
2026-05-28 06:50:00 - wallet_gen - DEBUG - Generated wallet: 0x75C49F4EaB440463213bd2dC0524FF7022f1Ce36
2026-05-28 06:50:00 - wallet_gen - DEBUG - Generated wallet: 0x40c9fD2cB0F11B31743230F38837C1e74212A9c0
2026-05-28 06:50:00 - wallet_gen - DEBUG - Generated wallet: 0xdaC52d5b45A1Dc1c2dB96ad76cF1753391E6827B
2026-05-28 06:50:00 - wallet_gen - DEBUG - Generated wallet: 0x178BF60685F249Bc8f2eD1e58c0722B5eaf412Ae
2026-05-28 06:50:00 - wallet_gen - DEBUG - Generated wallet: 0x88DDD3b0060DC24eA8794e9737775485fCe450b9
2026-05-28 06:50:00 - wallet_gen - DEBUG - Generated wallet: 0xf91b459ceA2134d98cf51ffa5174BCCd8971F1A0
2026-05-28 06:50:00 - wallet_gen - DEBUG - Generated wallet: 0x5fBB36c96Db706A7d08144B8157ca35F35Aff094
2026-05-28 06:50:00 - wallet_gen - DEBUG - Generated wallet: 0x75a0b348b9C8273eA7b442B7E7Ce1569025ae49E
2026-05-28 06:50:00 - wallet_gen - DEBUG - Generated wallet: 0xf0F31ea59E6177BC4de7f449fC764C2AFfa4d9C2
2026-05-28 06:50:00 - wallet_gen - DEBUG - Generated wallet: 0x1c8d28fF13f5C50f3B5A1bdcF7431c854e446dFe
2026-05-28 06:50:00 - wallet_gen - DEBUG - Generated wallet: 0x7E5747784C0De243eEa59E411d059e4372A3f506
2026-05-28 06:50:00 - wallet_gen - DEBUG - Generated wallet: 0xbDa249bbaCC80730e478Da652fb9582F34a786c7
2026-05-28 06:50:00 - wallet_gen - DEBUG - Generated wallet: 0x98F5AA2968E674b0187F9e8c8e76398f25fbB67E
2026-05-28 06:50:00 - wallet_gen - DEBUG - Generated wallet: 0xDc714EFC4621f5095d08D0571D9e027851d7fc31
2026-05-28 06:50:00 - wallet_gen - DEBUG - Generated wallet: 0xc468183C143920531Fb9f459fc09fd9804ee8aCB
2026-05-28 06:50:00 - wallet_gen - DEBUG - Generated wallet: 0x35eEa687102Ff145121f5C1d021963f5e8b1E621
2026-05-28 06:50:00 - wallet_gen - DEBUG - Generated wallet: 0x9cD8454a871752db790fE8eA82488a7aFFdf21e2
2026-05-28 06:50:00 - wallet_gen - DEBUG - Generated wallet: 0x170F27E8eC0e5Ed6c8ccC5C385736477519D5FbD
2026-05-28 06:50:00 - wallet_gen - DEBUG - Generated wallet: 0x54F9E39B8742E7bC84c71913b64C6E4755A8eb25
2026-05-28 06:50:00 - wallet_gen - DEBUG - Generated wallet: 0x4d239cA3CC66F0175c7A2befeC5bEEa1338a76BC
2026-05-28 06:50:00 - wallet_gen - DEBUG - Generated wallet: 0xfD2EF7D61161e0F669CF12e9d104bB90DFed049F
2026-05-28 06:50:00 - wallet_gen - DEBUG - Generated wallet: 0xF858B4a01cE54D9315fEddC0AB9b79b19c4C7CA1
2026-05-28 06:50:00 - wallet_gen - DEBUG - Generated wallet: 0xF849A40743900A81FD1c88807c8b34EEC7B051Df
2026-05-28 06:50:00 - wallet_gen - DEBUG - Generated wallet: 0xd72C609328Ce2Fb8cBC8Dc9Fbe294eA17f518FE1
2026-05-28 06:50:00 - wallet_gen - DEBUG - Generated wallet: 0x1Ab12fE614637671c8BFAeB1607CEA7433906101
2026-05-28 06:50:00 - wallet_gen - DEBUG - Generated wallet: 0x401AB2318552137CA5C3B9e03aD8398D43E46a86
2026-05-28 06:50:00 - wallet_gen - DEBUG - Generated wallet: 0xF5F188C62A207ad8FD4519108C0D9De6b0582B55
2026-05-28 06:50:00 - wallet_gen - DEBUG - Generated wallet: 0xb81df120bAE16f8f611A7C40ADD58517a1FF6573
2026-05-28 06:50:00 - wallet_gen - DEBUG - Generated wallet: 0x3687E2e9cC3fe6241Ac49eb59cb700CD94aaFB66
2026-05-28 06:50:00 - wallet_gen - DEBUG - Generated wallet: 0x3e35eB8DAe3836432D23C9D3B9141Dc6247C0f08
2026-05-28 06:50:00 - wallet_gen - DEBUG - Generated wallet: 0xCbD8506bc72B55Bfb0de7e7393308C905bC420dE
2026-05-28 06:50:00 - wallet_gen - DEBUG - Generated wallet: 0x912CBbd0BFeAF3f95099B64b89abb2A73b99bF73
2026-05-28 06:50:00 - wallet_gen - DEBUG - Generated wallet: 0x48d62B82F88291cEb9B54888897769A7F4c5be34
2026-05-28 06:50:00 - wallet_gen - DEBUG - Generated wallet: 0x7e3b739A09e8f04572eAA1A31719677E4Fb8D313
2026-05-28 06:50:00 - wallet_gen - DEBUG - Generated wallet: 0x2Bd4990ADD87C02b0883528BB4d02717AB896106
2026-05-28 06:50:00 - wallet_gen - DEBUG - Generated wallet: 0x231c904b8FAEfEed8E9619c334E3C57efcA22F6C
2026-05-28 06:50:00 - wallet_gen - DEBUG - Generated wallet: 0x1f2d2Ac8d5E8B53B0fdee0e7e5BDf83c637Fd9B7
2026-05-28 06:50:00 - wallet_gen - DEBUG - Generated wallet: 0xC2Ded567fCeB31AbEe0B530Fd41E0C49b4B65222
2026-05-28 06:50:00 - wallet_gen - DEBUG - Generated wallet: 0x3401a723402F836549ee490Bb65DF2DC182a12C5
2026-05-28 06:50:00 - wallet_gen - DEBUG - Generated wallet: 0x8fbf0d8cE66497409BaE7aEf8D7F4B3AaB19B052
2026-05-28 06:50:00 - wallet_gen - DEBUG - Generated wallet: 0xD1f6e44f352075dC3E1F85173B32c4Db7438F9FA
2026-05-28 06:50:00 - wallet_gen - DEBUG - Generated wallet: 0x1D6DfCD6f4b34969C16C8Fa263fC8f3c1664caC5
2026-05-28 06:50:00 - wallet_gen - DEBUG - Generated wallet: 0xb45065f6A30DCd0b2736a871411851143F0c2F02
2026-05-28 06:50:00 - wallet_gen - DEBUG - Generated wallet: 0xac374370FA14a0149b621049Ddad937e8E7a9235
2026-05-28 06:50:00 - wallet_gen - DEBUG - Generated wallet: 0xF71a4A9E74299aB7207BFdb9BCD73B044Af1C2E8
2026-05-28 06:50:00 - wallet_gen - DEBUG - Generated wallet: 0x0cbCb88D3bae1767eF1F64Ec5b46D4027a2Fb527
2026-05-28 06:50:00 - wallet_gen - DEBUG - Generated wallet: 0x50deB32d8038fc0daF7DC0e566fBD93A6B94973f
2026-05-28 06:50:00 - wallet_gen - DEBUG - Generated wallet: 0xd43840Ce89672cd66251da3fA9F866929C05FF57
2026-05-28 06:50:00 - wallet_gen - INFO - Generation completed: 100 wallets generated
2026-05-28 06:50:00 - wallet_gen - INFO - Database connection closed
2026-05-28 06:50:08 - wallet_gen - INFO - Starting generation: count=10, batch_size=0, db=wallets.db
2026-05-28 06:50:08 - wallet_gen - INFO - Connected to database: wallets.db
2026-05-28 06:50:08 - wallet_gen - INFO - Wallets table created or verified
2026-05-28 06:50:08 - wallet_gen - DEBUG - Generated wallet: 0x754C89c5A43E206dA334d0f2719B989E02303A67
2026-05-28 06:50:08 - wallet_gen - DEBUG - Generated wallet: 0x453b2ADb4e954F84649e793607F19Bebd5CA419A
2026-05-28 06:50:08 - wallet_gen - DEBUG - Generated wallet: 0x8732a3384786b726612AdC44E349e98588190936
2026-05-28 06:50:08 - wallet_gen - DEBUG - Generated wallet: 0x9569E5E4c7ceB17320058770Ebd95B08B2446AeB
2026-05-28 06:50:08 - wallet_gen - DEBUG - Generated wallet: 0x13Db2Caa9ee388326EB316990a9bD3B63a8778cB
2026-05-28 06:50:08 - wallet_gen - DEBUG - Generated wallet: 0xAB59B0BaD9f1C484955100f20d5aCbefdF5A8DA9
2026-05-28 06:50:08 - wallet_gen - DEBUG - Generated wallet: 0x47EE29fe46F442Fb8fcD5D5997E6C044EDe0139a
2026-05-28 06:50:08 - wallet_gen - DEBUG - Generated wallet: 0x51B1C9Eee6b813F00e4d0a514467575835A8A2e2
2026-05-28 06:50:08 - wallet_gen - DEBUG - Generated wallet: 0xd5b8322686ed501226029A0C7e3BAfaf064f9E8c
2026-05-28 06:50:08 - wallet_gen - DEBUG - Generated wallet: 0xAA45818FAFBCf66bFb517d021Baed1FA79da2974
2026-05-28 06:50:08 - wallet_gen - INFO - Generation completed: 10 wallets generated
2026-05-28 06:50:08 - wallet_gen - INFO - Database connection closed
2026-05-28 06:50:17 - wallet_gen - INFO - Starting generation: count=20, batch_size=0, db=custom_test.db
2026-05-28 06:50:17 - wallet_gen - INFO - Connected to database: custom_test.db
2026-05-28 06:50:17 - wallet_gen - INFO - Wallets table created or verified
2026-05-28 06:50:17 - wallet_gen - DEBUG - Generated wallet: 0xB2465416F57Db508Cea01272c15a6cC4C70DFE3C
2026-05-28 06:50:17 - wallet_gen - DEBUG - Generated wallet: 0x588Ef8dB13efD2a92CcC5E270f826D58Ae311eEa
2026-05-28 06:50:17 - wallet_gen - DEBUG - Generated wallet: 0x1A4643E55FB62214d0e5b36c948516AC7a2D613b
2026-05-28 06:50:17 - wallet_gen - DEBUG - Generated wallet: 0x0D4D5fb93DD8ce93AD495528621030D841C445B6
2026-05-28 06:50:17 - wallet_gen - DEBUG - Generated wallet: 0xCF8d62de63f3c91336b41f3308BAeCc2529309E6
2026-05-28 06:50:17 - wallet_gen - DEBUG - Generated wallet: 0xbE7DfDBfA5f02344eC89180b08c9a2B3a52897Ee
2026-05-28 06:50:17 - wallet_gen - DEBUG - Generated wallet: 0x2bE024F4578fddBf6B6669014Dd9032590Ab8994
2026-05-28 06:50:17 - wallet_gen - DEBUG - Generated wallet: 0xd6D71eeDD79376F78BCF3722a54F48AcaB279480
2026-05-28 06:50:17 - wallet_gen - DEBUG - Generated wallet: 0x5CE8c1F787A367b6E9eF3dcd76FC68bf612354dC
2026-05-28 06:50:17 - wallet_gen - DEBUG - Generated wallet: 0x7bB377159C3287AF2cfF0194c2Dae5F159e6E740
2026-05-28 06:50:17 - wallet_gen - DEBUG - Generated wallet: 0xac208f6Eb4BB6574596C91e419AC24AE8a043A52
2026-05-28 06:50:17 - wallet_gen - DEBUG - Generated wallet: 0x2d95D4A4388255eC1150BCBd2ECA080285D34ebE
2026-05-28 06:50:17 - wallet_gen - DEBUG - Generated wallet: 0xd913C200405E9Dd18d0aD9d7c1c7B95660f91a3A
2026-05-28 06:50:17 - wallet_gen - DEBUG - Generated wallet: 0x13c0BFB74F2a0360186F1F0E6F90719cA53E9d3F
2026-05-28 06:50:17 - wallet_gen - DEBUG - Generated wallet: 0xf2556653F32Fc4c31dCb251e6de919c0CCD62844
2026-05-28 06:50:17 - wallet_gen - DEBUG - Generated wallet: 0xDca87846960e80Dc609AA36828E61Ee4ae5B0011
2026-05-28 06:50:17 - wallet_gen - DEBUG - Generated wallet: 0xE23494806c78c29791127b3AF0771378200A8FC5
2026-05-28 06:50:17 - wallet_gen - DEBUG - Generated wallet: 0xb84c491D95B2aB01C45fc7E370f54520d49878Db
2026-05-28 06:50:17 - wallet_gen - DEBUG - Generated wallet: 0x79c53f6dcD747ead533b1B7310CB892a169B875d
2026-05-28 06:50:17 - wallet_gen - DEBUG - Generated wallet: 0xa821d52082bC6c5EE94285FCc7120f59ea91a63c
2026-05-28 06:50:17 - wallet_gen - INFO - Generation completed: 20 wallets generated
2026-05-28 06:50:17 - wallet_gen - INFO - Database connection closed
2026-05-28 06:50:33 - wallet_gen - INFO - Starting generation: count=5, batch_size=0, db=wallets.db
2026-05-28 06:50:33 - wallet_gen - INFO - Connected to database: wallets.db
2026-05-28 06:50:33 - wallet_gen - INFO - Wallets table created or verified
2026-05-28 06:50:33 - wallet_gen - INFO - Database connection closed
2026-05-28 06:51:52 - wallet_gen - INFO - Starting generation: count=5, batch_size=0, db=wallets.db
2026-05-28 06:51:52 - wallet_gen - INFO - Connected to database: wallets.db
2026-05-28 06:51:52 - wallet_gen - INFO - Wallets table created or verified
2026-05-28 06:51:52 - wallet_gen - DEBUG - Generated wallet: 0x3EDa88158C35746de1BffFf7DA8575c962f650E4
2026-05-28 06:51:52 - wallet_gen - DEBUG - Generated wallet: 0x4c2cc466FAC694Ca10A3F6916450183EcFDCd13b
2026-05-28 06:51:52 - wallet_gen - DEBUG - Generated wallet: 0x56D7Fe01D09A7bC84e05282810B6AB35765F2Ce0
2026-05-28 06:51:52 - wallet_gen - DEBUG - Generated wallet: 0xCd097a5c77849aa10Cb2cBB26B0723498474A167
2026-05-28 06:51:52 - wallet_gen - DEBUG - Generated wallet: 0x223D67a1027b791c17Fda09A007a58083f22aFB7
2026-05-28 06:51:52 - wallet_gen - INFO - Database connection closed
2026-05-28 06:52:11 - wallet_gen - INFO - Starting generation: count=10, batch_size=0, db=wallets.db
2026-05-28 06:52:11 - wallet_gen - INFO - Connected to database: wallets.db
2026-05-28 06:52:11 - wallet_gen - INFO - Wallets table created or verified
2026-05-28 06:52:11 - wallet_gen - DEBUG - Generated wallet: 0xfC28aBc82A8774D5FbDFC97E07CC5148663F6713
2026-05-28 06:52:11 - wallet_gen - DEBUG - Generated wallet: 0xA94568626Fd947CC5C54aD42C3f538E9E2C345cd
2026-05-28 06:52:11 - wallet_gen - DEBUG - Generated wallet: 0xC82C0481547682Caea3c27BabABe19C32A31D273
2026-05-28 06:52:11 - wallet_gen - DEBUG - Generated wallet: 0x98769EfdCA159977C34123b07E47a7f11925c774
2026-05-28 06:52:11 - wallet_gen - DEBUG - Generated wallet: 0x6A951fEaB92669cEED35b89b925a7b0f9835BeF9
2026-05-28 06:52:11 - wallet_gen - DEBUG - Generated wallet: 0x8C1c9b31798dC235a1a52E1aCFef64C232141503
2026-05-28 06:52:11 - wallet_gen - DEBUG - Generated wallet: 0x6E85EA28Ab9653b05d2487D3d1c393CEf2486397
2026-05-28 06:52:11 - wallet_gen - DEBUG - Generated wallet: 0xf11307eE6BaD3592e0C18A18cf65740C466B76A9
2026-05-28 06:52:11 - wallet_gen - DEBUG - Generated wallet: 0x68d6d531d5971d9E491f46c070A605962737F426
2026-05-28 06:52:11 - wallet_gen - DEBUG - Generated wallet: 0x133Ecd24F4562d1f327DF82fC925B28931388a9D
2026-05-28 06:52:11 - wallet_gen - INFO - Generation completed: 10 wallets generated
2026-05-28 06:52:11 - wallet_gen - INFO - Database connection closed
2026-05-28 06:52:11 - wallet_gen - INFO - Starting generation: count=20, batch_size=0, db=wallets.db
2026-05-28 06:52:11 - wallet_gen - INFO - Connected to database: wallets.db
2026-05-28 06:52:11 - wallet_gen - INFO - Wallets table created or verified
2026-05-28 06:52:11 - wallet_gen - DEBUG - Generated wallet: 0xd1Aaf70222Ad85C525281Bf92F13daB978b826ad
2026-05-28 06:52:11 - wallet_gen - DEBUG - Generated wallet: 0x7Ccc10e4Aaa5201186706e4FC13801EC54b355d9
2026-05-28 06:52:11 - wallet_gen - DEBUG - Generated wallet: 0xa4951c2701Ff97Aa71A3BebA602Ca5E865d677f9
2026-05-28 06:52:11 - wallet_gen - DEBUG - Generated wallet: 0x54b3a6d68FbD0aE29dBDbFe1c88Ac641731eF911
2026-05-28 06:52:11 - wallet_gen - DEBUG - Generated wallet: 0xd15a5474F19E13F3b34D95a7eC91A4895625Ef14
2026-05-28 06:52:11 - wallet_gen - DEBUG - Generated wallet: 0x31A183533E8A4a346005BA13425b31094c48752a
2026-05-28 06:52:11 - wallet_gen - DEBUG - Generated wallet: 0x72c74B9bAa8343856D0d2Fd2FC5ffe979103B992
2026-05-28 06:52:11 - wallet_gen - DEBUG - Generated wallet: 0x559d976a873874d462886874BD461f3DD63b2e31
2026-05-28 06:52:11 - wallet_gen - DEBUG - Generated wallet: 0x1431D145954d7F57C3900A562A322e239ee4fd10
2026-05-28 06:52:11 - wallet_gen - DEBUG - Generated wallet: 0xC5d851b0940c1E291a8C1dc1B829a2feE9869e29
2026-05-28 06:52:11 - wallet_gen - DEBUG - Generated wallet: 0xdd443521010D9a7a24000afE0802a503f4279115
2026-05-28 06:52:11 - wallet_gen - DEBUG - Generated wallet: 0x63A2A745fa177786f09F5Cf7Cc50C5C6a0DD02F6
2026-05-28 06:52:11 - wallet_gen - DEBUG - Generated wallet: 0x08ddFD221d220b0c1A91F418e52642C463807d63
2026-05-28 06:52:11 - wallet_gen - DEBUG - Generated wallet: 0x623b01B44d6143A768A78DAb5C1323D8677BC81E
2026-05-28 06:52:11 - wallet_gen - DEBUG - Generated wallet: 0xf927D74ab561ffE8CFc9C796f0e899297bCF61A0
2026-05-28 06:52:11 - wallet_gen - DEBUG - Generated wallet: 0xdF82a7b6a80891c758279a6601748fdD4452f365
2026-05-28 06:52:11 - wallet_gen - DEBUG - Generated wallet: 0xe2f192Ba44fEA23C2c6178141229b3514e65185d
2026-05-28 06:52:11 - wallet_gen - DEBUG - Generated wallet: 0x85849ffae6B2F5309F578f66A5A40292Ae56077f
2026-05-28 06:52:11 - wallet_gen - DEBUG - Generated wallet: 0xbe7C828376B9396911C043100e0ECAf420c7c8D8
2026-05-28 06:52:11 - wallet_gen - DEBUG - Generated wallet: 0xbe5849048Eae501577B3446059a63e76cC2D2E53
2026-05-28 06:52:11 - wallet_gen - INFO - Generation completed: 20 wallets generated
2026-05-28 06:52:11 - wallet_gen - INFO - Database connection closed
2026-05-28 06:52:12 - wallet_gen - INFO - Starting generation: count=50, batch_size=10, db=wallets.db
2026-05-28 06:52:12 - wallet_gen - INFO - Connected to database: wallets.db
2026-05-28 06:52:12 - wallet_gen - INFO - Wallets table created or verified
2026-05-28 06:52:12 - wallet_gen - DEBUG - Generated wallet: 0x6c46d5451A534381e8d8352dd60b77dE3DC76e66
2026-05-28 06:52:12 - wallet_gen - DEBUG - Generated wallet: 0xa2C8Fb192B831cb96276a1e50bB994Ba21f3C215
2026-05-28 06:52:12 - wallet_gen - DEBUG - Generated wallet: 0x16dF797288B461b7cB38A1B4267791f301a3aA8d
2026-05-28 06:52:12 - wallet_gen - DEBUG - Generated wallet: 0x97fBd75c06c247592f5CAa70Fd79969Ffaaefdb1
2026-05-28 06:52:12 - wallet_gen - DEBUG - Generated wallet: 0xDf518Ab89F859Dd305C1AAC2503BF52c36Cc2742
2026-05-28 06:52:12 - wallet_gen - DEBUG - Generated wallet: 0xBe667668FD0fd44Cd5764E3f4CE0383414Df56e8
2026-05-28 06:52:12 - wallet_gen - DEBUG - Generated wallet: 0xf9Cf4333B3Af8C701f1Eb5A0f27Bf6329e654A9d
2026-05-28 06:52:12 - wallet_gen - DEBUG - Generated wallet: 0xF9DA3F5599FD88D8dB911f51Ad8EF9a0d6Ff25A7
2026-05-28 06:52:12 - wallet_gen - DEBUG - Generated wallet: 0xCAde17B3fF5a4EE3Af878ec1f035A8802255a250
2026-05-28 06:52:12 - wallet_gen - DEBUG - Generated wallet: 0x6D9ac9915c8011d824774BfA3fc720Bd119D888C
2026-05-28 06:52:12 - wallet_gen - DEBUG - Generated wallet: 0x304548E94106d92b3c6717Ca6d574A76fff1892B
2026-05-28 06:52:12 - wallet_gen - DEBUG - Generated wallet: 0xED278f2E9013d37527F074cd03201Ee5e2dAA20A
2026-05-28 06:52:12 - wallet_gen - DEBUG - Generated wallet: 0xe690162461E6A33D683a9198140678ae45537fF4
2026-05-28 06:52:12 - wallet_gen - DEBUG - Generated wallet: 0x3ad811ceC93a6FCE2b3d02825E86afBaCA786b8D
2026-05-28 06:52:12 - wallet_gen - DEBUG - Generated wallet: 0x406CEdae898E61aA21e2b8c43dc4DD7566A2FD36
2026-05-28 06:52:12 - wallet_gen - DEBUG - Generated wallet: 0x786a98C1A73Df7d73D0818Bf52ba24B32Fcc272C
2026-05-28 06:52:12 - wallet_gen - DEBUG - Generated wallet: 0xFBfE1fa09BC359b67398d8c50e51eB575e4B2bb4
2026-05-28 06:52:12 - wallet_gen - DEBUG - Generated wallet: 0x0Fe523B759b7588cEcc72883C5905d46573fE72E
2026-05-28 06:52:12 - wallet_gen - DEBUG - Generated wallet: 0xBf7B10ff1CfdB32C82D58BEa331590FB9Aca1A1d
2026-05-28 06:52:12 - wallet_gen - DEBUG - Generated wallet: 0xF544e7917647bA2A8eF0EFD41c8726952c7c06d0
2026-05-28 06:52:12 - wallet_gen - DEBUG - Generated wallet: 0x7f0252C4aa94423A19f39fE7F8d645e0b2fb8701
2026-05-28 06:52:12 - wallet_gen - DEBUG - Generated wallet: 0x6aF6636D01CF2c13DDFf94D5A415463AFAeFB92D
2026-05-28 06:52:12 - wallet_gen - DEBUG - Generated wallet: 0x813446b3a67C8af1DF803CfB2eCE455410AdfDFe
2026-05-28 06:52:12 - wallet_gen - DEBUG - Generated wallet: 0xbEA12E82a704Ec77654dd9df87f7386C91F65091
2026-05-28 06:52:12 - wallet_gen - DEBUG - Generated wallet: 0x1c759378fca5Ec75D596F93c3953CdBA9fD596Cd
2026-05-28 06:52:12 - wallet_gen - DEBUG - Generated wallet: 0xe147dc13af962aa79758af728da361E8A41ab6ED
2026-05-28 06:52:12 - wallet_gen - DEBUG - Generated wallet: 0xc35cFfd67Dd63f9f9e2Ed3Aefe0B5762fA5007dF
2026-05-28 06:52:12 - wallet_gen - DEBUG - Generated wallet: 0x8EC192e390D421F46E7C266513e4f61FdA269319
2026-05-28 06:52:12 - wallet_gen - DEBUG - Generated wallet: 0x446888e08b6E4A13A3D535895e810790Eee15643
2026-05-28 06:52:12 - wallet_gen - DEBUG - Generated wallet: 0x6eFd6c4987302852B0EcE27Ff3be492e77f3eD37
2026-05-28 06:52:12 - wallet_gen - DEBUG - Generated wallet: 0xe94CC72885c5D6550683bfc7c088Cb0610E4786A
2026-05-28 06:52:12 - wallet_gen - DEBUG - Generated wallet: 0x3EE179703c040974696d91eAe855Fd28FCf453E9
2026-05-28 06:52:12 - wallet_gen - DEBUG - Generated wallet: 0xd74F00eD512b8F8354BCF68eFAb58278AbdeA109
2026-05-28 06:52:12 - wallet_gen - DEBUG - Generated wallet: 0xC451971E9Cd5738B67f0d4C197da322e5D621ade
2026-05-28 06:52:12 - wallet_gen - DEBUG - Generated wallet: 0xCBAe65f32F830C4023EE010A83E663aAF38B8201
2026-05-28 06:52:12 - wallet_gen - DEBUG - Generated wallet: 0xF405d87bea2125dE0a2821dC08Eb65db179e9943
2026-05-28 06:52:12 - wallet_gen - DEBUG - Generated wallet: 0xE1473349e325B5F68D71f4DDC613ed021CcE7716
2026-05-28 06:52:12 - wallet_gen - DEBUG - Generated wallet: 0x8855Da5D2928ddcBB959d6d035B7D968bAb7360F
2026-05-28 06:52:12 - wallet_gen - DEBUG - Generated wallet: 0x6a0bdb0ab210Ba4f908c15737C178437E4322b21
2026-05-28 06:52:12 - wallet_gen - DEBUG - Generated wallet: 0x7541F3CF09B66D44A4Bc56F3d8D19E15Cda46E15
2026-05-28 06:52:12 - wallet_gen - DEBUG - Generated wallet: 0x586389f3A5e30b7DAA91081bAa4433AA045514bB
2026-05-28 06:52:12 - wallet_gen - DEBUG - Generated wallet: 0xba98930449EBf76015eeE076B86c0204d2b2a656
2026-05-28 06:52:12 - wallet_gen - DEBUG - Generated wallet: 0x6b1aD3e80dB0cD47DDBfcAe7b1668B6b0506cc26
2026-05-28 06:52:12 - wallet_gen - DEBUG - Generated wallet: 0x74f098E0D4a625E847c3c26736fe39f01839f52d
2026-05-28 06:52:12 - wallet_gen - DEBUG - Generated wallet: 0x04e9A92020925299ef2899e90701eCdFA7F22B21
2026-05-28 06:52:12 - wallet_gen - DEBUG - Generated wallet: 0x276c1183C8d0D3310cFD71b390410cc7cE779e9B
2026-05-28 06:52:12 - wallet_gen - DEBUG - Generated wallet: 0xc899ca2Fe1EbFbf3014B4D838C24868764d0b37B
2026-05-28 06:52:12 - wallet_gen - DEBUG - Generated wallet: 0x1823eDfA15170128bAe16FdaCAc4756993f3447A
2026-05-28 06:52:12 - wallet_gen - DEBUG - Generated wallet: 0xc8803E4CAa926130746cb0316e19B311cb267F1b
2026-05-28 06:52:12 - wallet_gen - DEBUG - Generated wallet: 0x7EAB80C56CEB880aD9FefA0fC2786c12E5c5a6dC
2026-05-28 06:52:12 - wallet_gen - INFO - Generation completed: 50 wallets generated
2026-05-28 06:52:12 - wallet_gen - INFO - Database connection closed
2026-05-28 06:52:29 - wallet_gen - INFO - Starting generation: count=1000, batch_size=100, db=wallets.db
2026-05-28 06:52:29 - wallet_gen - INFO - Connected to database: wallets.db
2026-05-28 06:52:29 - wallet_gen - INFO - Wallets table created or verified
2026-05-28 06:52:29 - wallet_gen - DEBUG - Generated wallet: 0x9dD4e1c737287abd806eB608758FB02434658556
2026-05-28 06:52:29 - wallet_gen - DEBUG - Generated wallet: 0x860b553e5aF9AED1d6c2EE60e58f8f8Aa030c8e4
2026-05-28 06:52:29 - wallet_gen - DEBUG - Generated wallet: 0x401985ba7854b17eD79b36664d33ad6E41B1E7Cb
2026-05-28 06:52:29 - wallet_gen - DEBUG - Generated wallet: 0x595CfF62DADc3C7c193969f897CeCe4b8C61Fafc
2026-05-28 06:52:29 - wallet_gen - DEBUG - Generated wallet: 0x2995fd8733756398251e61298F92a6742e0271DB
2026-05-28 06:52:29 - wallet_gen - DEBUG - Generated wallet: 0x1f75709a4f4cca5bC5D9328B289c2321bEf9b3a5
2026-05-28 06:52:29 - wallet_gen - DEBUG - Generated wallet: 0x12b6ffc7938b287fDaA7dBC26789cB2E460d8aD6
2026-05-28 06:52:29 - wallet_gen - DEBUG - Generated wallet: 0x72B17B54B4422C2DB4AC254de8Ad5B396CC99147
2026-05-28 06:52:29 - wallet_gen - DEBUG - Generated wallet: 0xe1213320F82577e00888b29B2C9f43Ea561a08D8
2026-05-28 06:52:29 - wallet_gen - DEBUG - Generated wallet: 0x201388cBf4a3BDB50b6647Fa846E3c9929B071BE
2026-05-28 06:52:29 - wallet_gen - DEBUG - Generated wallet: 0xda2DF810C821c901B70f0507dF8a8ef590bbA3Ee
2026-05-28 06:52:29 - wallet_gen - DEBUG - Generated wallet: 0x9BC943aA33480Ec7302b886ef9095c60d55f97C7
2026-05-28 06:52:29 - wallet_gen - DEBUG - Generated wallet: 0xE7F272Ba9AAD2E3E59C3eBFdeE9166Dbc082715e
2026-05-28 06:52:29 - wallet_gen - DEBUG - Generated wallet: 0x54955Bd8d08d5e7B164f80551BED577fE080E0c1
2026-05-28 06:52:29 - wallet_gen - DEBUG - Generated wallet: 0x61FD050F4105CfA941057cd7d3B863Ad2CF8B3f1
2026-05-28 06:52:29 - wallet_gen - DEBUG - Generated wallet: 0xA29F0C5AA88d9ddaB2829Dd43E085bEDFce5e73f
2026-05-28 06:52:29 - wallet_gen - DEBUG - Generated wallet: 0x4971d9e2184B9eA9Fdf59990a8fA8aeE1b432821
2026-05-28 06:52:29 - wallet_gen - DEBUG - Generated wallet: 0x33F7c13fC1B59d97053e3c90eBa7E9E65Ed8DD14
2026-05-28 06:52:29 - wallet_gen - DEBUG - Generated wallet: 0xF8042d8c6E4ab5219Bfd19e700872C5F70a11Ac2
2026-05-28 06:52:29 - wallet_gen - DEBUG - Generated wallet: 0x08aa9035DD373494587AE67c6bFAE361306a538c
2026-05-28 06:52:29 - wallet_gen - DEBUG - Generated wallet: 0x0cB5b76188d6aE5E5d09F2209D436377673dB050
2026-05-28 06:52:29 - wallet_gen - DEBUG - Generated wallet: 0x71036dEBb924f28Eec186c35DE94121E87aEB28D
2026-05-28 06:52:29 - wallet_gen - DEBUG - Generated wallet: 0x104d205C4756090CfD96e1d0b9aFb840cFF23b51
2026-05-28 06:52:29 - wallet_gen - DEBUG - Generated wallet: 0xD21159eE88c543C9EcD8fC9a7748e1c5036A632b
2026-05-28 06:52:29 - wallet_gen - DEBUG - Generated wallet: 0x22cbfee4f50df87efA3de43EE6d7279aE0A5680B
2026-05-28 06:52:29 - wallet_gen - DEBUG - Generated wallet: 0x46f2d5693D44A909887B9c9A81B56Eb88959fE12
2026-05-28 06:52:29 - wallet_gen - DEBUG - Generated wallet: 0x0998DaBd35BF49780D6EF5aE6d9daBB9e3207d64
2026-05-28 06:52:29 - wallet_gen - DEBUG - Generated wallet: 0xD34C5e62ceEC61D13628b77b4119f65A94E7484e
2026-05-28 06:52:29 - wallet_gen - DEBUG - Generated wallet: 0x4aBAc7581930aD47f87cabf2992A0FEbAd58A21e
2026-05-28 06:52:29 - wallet_gen - DEBUG - Generated wallet: 0xeB1c9295F20e03f94981547e1755E8183a45F83D
2026-05-28 06:52:29 - wallet_gen - DEBUG - Generated wallet: 0xf4DD838E3ab1a508900AA0b0d490eddd6145d8C8
2026-05-28 06:52:29 - wallet_gen - DEBUG - Generated wallet: 0xD474b92E37082833B8931F1Ab44b22ED0BE31a80
2026-05-28 06:52:29 - wallet_gen - DEBUG - Generated wallet: 0xc6C8AD089379c07e4cC1913D43946FafB2DF32cE
2026-05-28 06:52:29 - wallet_gen - DEBUG - Generated wallet: 0x03d630AD0208B21EEF4f6466aabD502768671903
2026-05-28 06:52:29 - wallet_gen - DEBUG - Generated wallet: 0x2aC817cCC24b179C4B27987CB14aB2267A9240C9
2026-05-28 06:52:29 - wallet_gen - DEBUG - Generated wallet: 0x4aED4AC879501b3b4A81a02E97BbD5153caa1Bc6
2026-05-28 06:52:29 - wallet_gen - DEBUG - Generated wallet: 0xa4D5196b7818b9d919762201132Ae33D985dbE32
2026-05-28 06:52:29 - wallet_gen - DEBUG - Generated wallet: 0x1B38a75ceEE32a4320a0366032eC95B6ACBb5f8d
2026-05-28 06:52:29 - wallet_gen - DEBUG - Generated wallet: 0xb493A337Eb263c40EdC989461Fe8D6d93449EC50
2026-05-28 06:52:29 - wallet_gen - DEBUG - Generated wallet: 0xb2262A2fbEb77D60cCFfc95304c67CB879C0706D
2026-05-28 06:52:29 - wallet_gen - DEBUG - Generated wallet: 0xDFEb7062db51a9E04a4aF5cffde3aC11d772d93d
2026-05-28 06:52:29 - wallet_gen - DEBUG - Generated wallet: 0x6f92952Fb6DA19d24aA037fE528D2a70eD234958
2026-05-28 06:52:29 - wallet_gen - DEBUG - Generated wallet: 0xC1CB5909894B7923fD04cEd1dBf9c5BcF4ff509D
2026-05-28 06:52:29 - wallet_gen - DEBUG - Generated wallet: 0x28d58F2c6420F2C5B965526f2bF461C9B7D8677c
2026-05-28 06:52:29 - wallet_gen - DEBUG - Generated wallet: 0x31945Be7c2b40deD2625aC9DA2F7924bb59F059D
2026-05-28 06:52:29 - wallet_gen - DEBUG - Generated wallet: 0xf8a5D051F323fedD3343bAb20eb8f74B3FA9025d
2026-05-28 06:52:29 - wallet_gen - DEBUG - Generated wallet: 0x400Df0f4a051f8Ee7967Ef17bf020Cd2e9A6b7Df
2026-05-28 06:52:29 - wallet_gen - DEBUG - Generated wallet: 0x85cd7f221c034E53dEA0a9039d97E6c8f36B0A34
2026-05-28 06:52:29 - wallet_gen - DEBUG - Generated wallet: 0x5239b18395Af07BB43B3692d55221baDB1eef38d
2026-05-28 06:52:29 - wallet_gen - DEBUG - Generated wallet: 0xe2afEe9aC48d91aae947A2b1128F674470F203Fd
2026-05-28 06:52:29 - wallet_gen - DEBUG - Generated wallet: 0xfeb0A48d1aba2617168add8641A3870B7A09B42c
2026-05-28 06:52:29 - wallet_gen - DEBUG - Generated wallet: 0x711D1823B22F2aa1b72C8c3114c6993a69Bd63fF
2026-05-28 06:52:29 - wallet_gen - DEBUG - Generated wallet: 0xe83DcD5D2EabC66325e582738D0C1B54b877bDD5
2026-05-28 06:52:29 - wallet_gen - DEBUG - Generated wallet: 0x1DB31AF7741af258e51153A1C50b9866026B7b9a
2026-05-28 06:52:29 - wallet_gen - DEBUG - Generated wallet: 0x824a53a84ea0551289225db9a87404c2eC1A60A2
2026-05-28 06:52:29 - wallet_gen - DEBUG - Generated wallet: 0xEEdD01B397A8E2017A6c942d1BDdD1d60d142e0D
2026-05-28 06:52:29 - wallet_gen - DEBUG - Generated wallet: 0x6f4F096a58C51B7c6BB5A4C9D9357DD9e024FF2B
2026-05-28 06:52:29 - wallet_gen - DEBUG - Generated wallet: 0x477a6daA60FB5b7Da818A59E65E7Dd89ab261D20
2026-05-28 06:52:29 - wallet_gen - DEBUG - Generated wallet: 0xC491149e617D29fe754e7E0Ec628603823e70d04
2026-05-28 06:52:29 - wallet_gen - DEBUG - Generated wallet: 0xC59531926C50888f326ADbFB8B307b22F68daC66
2026-05-28 06:52:29 - wallet_gen - DEBUG - Generated wallet: 0x0A44Bbd31E9C69743A915CA46B4c41f2375DFf53
2026-05-28 06:52:29 - wallet_gen - DEBUG - Generated wallet: 0xC0A2c8fa2a29BDF1CED8E0Dc6059051bf005Ac25
2026-05-28 06:52:29 - wallet_gen - DEBUG - Generated wallet: 0x99e92FF9422E8206982920f6B65973fca2f639CD
2026-05-28 06:52:29 - wallet_gen - DEBUG - Generated wallet: 0xc9c8800f72336c0CF018E72749386191143a61Db
2026-05-28 06:52:29 - wallet_gen - DEBUG - Generated wallet: 0xb72591d789b8143976F6f4Db35c481578F228ab3
2026-05-28 06:52:29 - wallet_gen - DEBUG - Generated wallet: 0x17989CF835937C9a7CA21B38ED8ce35b9c932F05
2026-05-28 06:52:29 - wallet_gen - DEBUG - Generated wallet: 0x0a1419E071bBf134b00B5E5C24f5613603039126
2026-05-28 06:52:29 - wallet_gen - DEBUG - Generated wallet: 0xa64c5545f7f9EDFAb0f6F77cc24e9A4346cAb481
2026-05-28 06:52:29 - wallet_gen - DEBUG - Generated wallet: 0xE59cF001f83D7f76CE8AD48Ac4be1B4e8320aA94
2026-05-28 06:52:29 - wallet_gen - DEBUG - Generated wallet: 0xe2F7CAD56D3AC639E0f157359E333EcB66654598
2026-05-28 06:52:29 - wallet_gen - DEBUG - Generated wallet: 0xad24B9eA9E781A83609835c1179C3EF1eEd8869F
2026-05-28 06:52:29 - wallet_gen - DEBUG - Generated wallet: 0x91a08ecFDF32f977DfA1db427872E114AE3d16Db
2026-05-28 06:52:29 - wallet_gen - DEBUG - Generated wallet: 0x42CD5B353299e358b24CE3d50eebE711beaB3ceA
2026-05-28 06:52:29 - wallet_gen - DEBUG - Generated wallet: 0xE9Cab97b14F7F3dA15D599982890f390dBBd67F9
2026-05-28 06:52:29 - wallet_gen - DEBUG - Generated wallet: 0x17dC988e0dDB64EDC858Df01779FbCd1997fbb0E
2026-05-28 06:52:29 - wallet_gen - DEBUG - Generated wallet: 0x03742d785F17f2e768b9F691321Fa8f01F3d4888
2026-05-28 06:52:29 - wallet_gen - DEBUG - Generated wallet: 0xC316c300Cd8aFb3F443E9AFb6245aD732cA88AA1
2026-05-28 06:52:29 - wallet_gen - DEBUG - Generated wallet: 0x841e1Dc99c08e7731fc59CF7E2a4E33F0F852170
2026-05-28 06:52:29 - wallet_gen - DEBUG - Generated wallet: 0x4e7F6DB54A281Fa827eA8448FA797CCFFD261C31
2026-05-28 06:52:29 - wallet_gen - DEBUG - Generated wallet: 0xe32b98898Ae27fF34f3ba1620923F9C44343966C
2026-05-28 06:52:29 - wallet_gen - DEBUG - Generated wallet: 0x4804d981dF8D45AC20C390111e3eEEC698b66A5E
2026-05-28 06:52:29 - wallet_gen - DEBUG - Generated wallet: 0xF6CCcf976f6CAB4539Fa22Ba2c80A1f16D74F88b
2026-05-28 06:52:29 - wallet_gen - DEBUG - Generated wallet: 0x68B395c5D9453beC999dEDE06BaC067f836D648d
2026-05-28 06:52:29 - wallet_gen - DEBUG - Generated wallet: 0xA527882c7eb1B59D059b86fB0DeF82Db8970677C
2026-05-28 06:52:29 - wallet_gen - DEBUG - Generated wallet: 0x75cd3ABDA07dAEa2fddf50d98329F11b876FE39B
2026-05-28 06:52:29 - wallet_gen - DEBUG - Generated wallet: 0x8c7c88dEd6Fa1F3d9A187dac0B7eD2C080829C72
2026-05-28 06:52:29 - wallet_gen - DEBUG - Generated wallet: 0x7B23e75E2b829492e148ebCaC96effc61e9EE270
2026-05-28 06:52:29 - wallet_gen - DEBUG - Generated wallet: 0xf87f37Fd060104127e624411cD975B3F0282C0a3
2026-05-28 06:52:29 - wallet_gen - DEBUG - Generated wallet: 0xb681d1Ec5d8488BA77fa5f8Cd901Ab405E9B17ce
2026-05-28 06:52:29 - wallet_gen - DEBUG - Generated wallet: 0x02928864bd6f5C92CD14F22DC32d490Fe6c72575
2026-05-28 06:52:29 - wallet_gen - DEBUG - Generated wallet: 0x88E304cf3B1fAE957fb5717002c69F6C7375E259
2026-05-28 06:52:29 - wallet_gen - DEBUG - Generated wallet: 0xfeb5485a810B52562257CdD8bd70fDB519e7714e
2026-05-28 06:52:29 - wallet_gen - DEBUG - Generated wallet: 0x178f77827D54a64A40946554a41B143e8060B8B3
2026-05-28 06:52:29 - wallet_gen - DEBUG - Generated wallet: 0xF347756d02FF5Ee418f87b96f0470d395bd4cC05
2026-05-28 06:52:29 - wallet_gen - DEBUG - Generated wallet: 0xD5B5aF8EC220F988784f0d55fB6126CE2c4826ba
2026-05-28 06:52:29 - wallet_gen - DEBUG - Generated wallet: 0x893aD7439B9dCB9A77132d60E215eA2D7cB6F847
2026-05-28 06:52:29 - wallet_gen - DEBUG - Generated wallet: 0x1b2354cf4E9332ACD92236A922EfCEbBFA3a435D
2026-05-28 06:52:29 - wallet_gen - DEBUG - Generated wallet: 0x4645f1e2daE93f1b7078EA528522647f5a7E0820
2026-05-28 06:52:29 - wallet_gen - DEBUG - Generated wallet: 0x6B0aC8273ecB9921B32A69C510126b53315Aeaf8
2026-05-28 06:52:29 - wallet_gen - DEBUG - Generated wallet: 0x97e220b02Ad92Cb58421D39ba6d938b793AD8C49
2026-05-28 06:52:29 - wallet_gen - DEBUG - Generated wallet: 0x0Fa74c814d1A859796f38B972c6d4a05Bc8AB323
2026-05-28 06:52:29 - wallet_gen - DEBUG - Generated wallet: 0x0aD927D7A6794e3069587761743881623c4e4a7e
2026-05-28 06:52:29 - wallet_gen - DEBUG - Generated wallet: 0x50757E8703C855fEF06Ff030A8Ef0970CeC7eBcE
2026-05-28 06:52:29 - wallet_gen - DEBUG - Generated wallet: 0x45D5e5Fb5bBFD534F11C7348cB3E2990128cF594
2026-05-28 06:52:29 - wallet_gen - DEBUG - Generated wallet: 0x321c87F6AD8CD2596bBbabCfD8303Ca9b835DC9B
2026-05-28 06:52:29 - wallet_gen - DEBUG - Generated wallet: 0xE0c16655803A804200e34e3C754206159bDd7830
2026-05-28 06:52:29 - wallet_gen - DEBUG - Generated wallet: 0x52D8D4401F07A106F72e67fa29893237ADbA4636
2026-05-28 06:52:29 - wallet_gen - DEBUG - Generated wallet: 0x914fFbf1F0381E413DfD9313E46D3c3820f6CfFF
2026-05-28 06:52:29 - wallet_gen - DEBUG - Generated wallet: 0x907Bb14BDFDE74eAbdA9C87d1D5Eeb8C8f901aA5
2026-05-28 06:52:29 - wallet_gen - DEBUG - Generated wallet: 0x1849436CEA7E79BA2871B5D0ee99d80E18D541c6
2026-05-28 06:52:29 - wallet_gen - DEBUG - Generated wallet: 0x84608d70905131a00984bdc77D18c84025c4e99D
2026-05-28 06:52:29 - wallet_gen - DEBUG - Generated wallet: 0x1Aea95529E25029279860F1fEF1375725Fd981A9
2026-05-28 06:52:29 - wallet_gen - DEBUG - Generated wallet: 0xA6E17F996bbC5a84f8486B1e962A48A1779955FE
2026-05-28 06:52:29 - wallet_gen - DEBUG - Generated wallet: 0x4D6160A12295F848b645CF7f24aEd07e1A484926
2026-05-28 06:52:29 - wallet_gen - DEBUG - Generated wallet: 0xE0A68Db4B4a8431c26b5145865897caA05ce42cf
2026-05-28 06:52:29 - wallet_gen - DEBUG - Generated wallet: 0x9a9d69122605548b649b7ab5a00d6cF84eB47770
2026-05-28 06:52:29 - wallet_gen - DEBUG - Generated wallet: 0x3F291c65F4EaA1AB81CD199A1F5FC48d2B2ab77d
2026-05-28 06:52:29 - wallet_gen - DEBUG - Generated wallet: 0x944981AA44c3F044f613f3b5B4D65BaEEaAfb018
2026-05-28 06:52:29 - wallet_gen - DEBUG - Generated wallet: 0x331FBBB3559d96c4A5F62CfBF23790705eAcfb48
2026-05-28 06:52:29 - wallet_gen - DEBUG - Generated wallet: 0xBAfA12a407a2f7D1BdE751B867f03594a76c5796
2026-05-28 06:52:29 - wallet_gen - DEBUG - Generated wallet: 0xe00B8Dc51790c0985af528a962B3e325Aa08800c
2026-05-28 06:52:29 - wallet_gen - DEBUG - Generated wallet: 0x46accf393B173fF4854Ad38Eb7124f7bae58DBBE
2026-05-28 06:52:29 - wallet_gen - DEBUG - Generated wallet: 0x94fEe25e61E08B8A8783f124E226B6933659DB35
2026-05-28 06:52:29 - wallet_gen - DEBUG - Generated wallet: 0x6e5C9cD02d77Db0B1A7cCe64d519Ec4CbDf01EE2
2026-05-28 06:52:29 - wallet_gen - DEBUG - Generated wallet: 0x7C2d78CEC7bA2C4F4f37e9C84815F23fc7589Baf
2026-05-28 06:52:29 - wallet_gen - DEBUG - Generated wallet: 0xC64198927b2DdB82E8cBc10E90238bF4EAEbFa74
2026-05-28 06:52:29 - wallet_gen - DEBUG - Generated wallet: 0xb8DdFfcDD15f8e091f671F6E632F69b175c8EB5a
2026-05-28 06:52:29 - wallet_gen - DEBUG - Generated wallet: 0xE9A1561B813C444C1cA91715cDFbb49DB50d49A7
2026-05-28 06:52:29 - wallet_gen - DEBUG - Generated wallet: 0x25c20aBd16e29672e9d5FCdbb1D2B4A234D33221
2026-05-28 06:52:29 - wallet_gen - DEBUG - Generated wallet: 0xd1fB75E2C8bc1cAcdF0E82B10d4337567237cEA3
2026-05-28 06:52:29 - wallet_gen - DEBUG - Generated wallet: 0xB65fa6DDEabc20C938a0Da494c6F98d83FAB9893
2026-05-28 06:52:29 - wallet_gen - DEBUG - Generated wallet: 0x5953cdD69E6Dd2D93c04A384dd9AD59DB53b9740
2026-05-28 06:52:29 - wallet_gen - DEBUG - Generated wallet: 0xCE3981904B4F5b40Ccd354C0d643c11EA667Cc45
2026-05-28 06:52:29 - wallet_gen - DEBUG - Generated wallet: 0x46762eDe71bc1d31DC505686F19DBAB61b7F3E27
2026-05-28 06:52:29 - wallet_gen - DEBUG - Generated wallet: 0x7bCF204fD101e2D39e82DA002D147Eb8c1516367
2026-05-28 06:52:29 - wallet_gen - DEBUG - Generated wallet: 0x395Fa3393e8565AaE9b67a022563A7993914Bd8C
2026-05-28 06:52:29 - wallet_gen - DEBUG - Generated wallet: 0x9D26097F37Ee73715Fc8133D79768D35E2cdC877
2026-05-28 06:52:29 - wallet_gen - DEBUG - Generated wallet: 0x790CE03eE8B9275D0942638130C24dD74C7a7D98
2026-05-28 06:52:29 - wallet_gen - DEBUG - Generated wallet: 0xe7b9ab7018B46A7Fd20867650597BacA6d8103D6
2026-05-28 06:52:29 - wallet_gen - DEBUG - Generated wallet: 0x3c7E768f08099C42B99fb2a81D1f1AC8D2B1604e
2026-05-28 06:52:29 - wallet_gen - DEBUG - Generated wallet: 0x345932454b1Ad5F89a684661A4E9E40EDB20E7Ff
2026-05-28 06:52:29 - wallet_gen - DEBUG - Generated wallet: 0x3204c869FF5D4f3D2DFe38c8104a94897Cd05cC9
2026-05-28 06:52:29 - wallet_gen - DEBUG - Generated wallet: 0x0b32b917b3a7Bca1b2145a462193663Cdd8d4BDe
2026-05-28 06:52:29 - wallet_gen - DEBUG - Generated wallet: 0xE04DCC37E264C66983aD28C89d06b61078174a3f
2026-05-28 06:52:29 - wallet_gen - DEBUG - Generated wallet: 0x8b690ccB60f8981951E6eE110E205C32181d6227
2026-05-28 06:52:29 - wallet_gen - DEBUG - Generated wallet: 0xCD405fe7Faf564983eB06B2fb83707d92a2bb8f2
2026-05-28 06:52:29 - wallet_gen - DEBUG - Generated wallet: 0x85000629A8b84618CA7501B16179C8994e3C42B1
2026-05-28 06:52:29 - wallet_gen - DEBUG - Generated wallet: 0x7Cb01dAFB5Be2e7e3034B0e77C6047E22C303ccc
2026-05-28 06:52:29 - wallet_gen - DEBUG - Generated wallet: 0x9437fa9915A06c31B37592A88350135D513624Ea
2026-05-28 06:52:29 - wallet_gen - DEBUG - Generated wallet: 0x88189467dee438E03bc969d41961816037BA868F
2026-05-28 06:52:29 - wallet_gen - DEBUG - Generated wallet: 0x7329ed402581BCe7f2fBCda176e9936739aAaFA0
2026-05-28 06:52:29 - wallet_gen - DEBUG - Generated wallet: 0x85760ef34027699F9E5a965d27d9F94ad98646f3
2026-05-28 06:52:29 - wallet_gen - DEBUG - Generated wallet: 0x901D78505c3523Ef39703d1Daaeb8cceECE9C98A
2026-05-28 06:52:29 - wallet_gen - DEBUG - Generated wallet: 0x172bb4A815B80224ae4a6d314Ee6B8C64d63b71f
2026-05-28 06:52:29 - wallet_gen - DEBUG - Generated wallet: 0x1337Cd1ecde0775f395aa9A4d11dd0A601bC1bd0
2026-05-28 06:52:29 - wallet_gen - DEBUG - Generated wallet: 0xCD33d5395a9762a9EF482d78337A0241F0a4F11D
2026-05-28 06:52:29 - wallet_gen - DEBUG - Generated wallet: 0xaf7137399d3c84f30c7dE981B29Ee9b324CBb268
2026-05-28 06:52:29 - wallet_gen - DEBUG - Generated wallet: 0x1E0966C8be5e6fEe039f79242F5D00ab3DEe1266
2026-05-28 06:52:29 - wallet_gen - DEBUG - Generated wallet: 0x0Db793EEe862AF7f3cCCC45A7ecFcC4CB103980B
2026-05-28 06:52:29 - wallet_gen - DEBUG - Generated wallet: 0xD5e2CdA89f501ffc19D98802f3c0fb57EBeb635b
2026-05-28 06:52:29 - wallet_gen - DEBUG - Generated wallet: 0x8a3589B0193D71a345c22914f437EeBea04869F6
2026-05-28 06:52:29 - wallet_gen - DEBUG - Generated wallet: 0x932B001326118385043D188d6cde41c3f0AD7679
2026-05-28 06:52:29 - wallet_gen - DEBUG - Generated wallet: 0x39ba842ECF9EaE556034BB60B7c75E7aA6BDee9a
2026-05-28 06:52:29 - wallet_gen - DEBUG - Generated wallet: 0x86F631cE926083c0aDFd8E85578951Bb12C1e58E
2026-05-28 06:52:29 - wallet_gen - DEBUG - Generated wallet: 0xDFFB9fa6499985C1924CB99BAc0B32b248638427
2026-05-28 06:52:29 - wallet_gen - DEBUG - Generated wallet: 0x04B62D5DEc8F967F9dA034d599Ca2e7a0B1C6761
2026-05-28 06:52:29 - wallet_gen - DEBUG - Generated wallet: 0xba5bC0f684e319EB73E831b98A26b1466d85DB47
2026-05-28 06:52:29 - wallet_gen - DEBUG - Generated wallet: 0xd7c619B099cDD62D7A83DD5bFA72bb4F3C5B4C99
2026-05-28 06:52:29 - wallet_gen - DEBUG - Generated wallet: 0xFc3439474a66a6794a111996C41d00CB56d052D3
2026-05-28 06:52:29 - wallet_gen - DEBUG - Generated wallet: 0x20EFc41DDf4cdCD40d692fC9356d0686C09748eC
2026-05-28 06:52:29 - wallet_gen - DEBUG - Generated wallet: 0xC376d3307e43E89153481f7299c9aCb0fdC18F4f
2026-05-28 06:52:29 - wallet_gen - DEBUG - Generated wallet: 0xcA02f7A2c9eb504D7FaD1C101b4D4322A05D2c21
2026-05-28 06:52:29 - wallet_gen - DEBUG - Generated wallet: 0xbBCb0E189AE5837DC822b28903BA825505740B75
2026-05-28 06:52:29 - wallet_gen - DEBUG - Generated wallet: 0x482391b48787151F93AFdb29101fDe866444449a
2026-05-28 06:52:29 - wallet_gen - DEBUG - Generated wallet: 0x68b9B939eE7f3296BbBf8263FB1794052CFDF2eF
2026-05-28 06:52:30 - wallet_gen - DEBUG - Generated wallet: 0x42a247ceF866b378269485793C56fF7dF162571A
2026-05-28 06:52:30 - wallet_gen - DEBUG - Generated wallet: 0x16bda0CDf6b144cdb5DB9204512968e7103816D6
2026-05-28 06:52:30 - wallet_gen - DEBUG - Generated wallet: 0x17751f77a3DE5fB48Ec2aD4982165F2402DECce4
2026-05-28 06:52:30 - wallet_gen - DEBUG - Generated wallet: 0xeCFC31834Bf780aCc67eB277faC99f0388aa1D70
2026-05-28 06:52:30 - wallet_gen - DEBUG - Generated wallet: 0x55c2186b48753d29b2b7DEeBC322b554Aad419A6
2026-05-28 06:52:30 - wallet_gen - DEBUG - Generated wallet: 0x0bDd9Cc05D839535AfF67D9D5431B0d5ca2e14e7
2026-05-28 06:52:30 - wallet_gen - DEBUG - Generated wallet: 0x7F68049F7724756aFb3868880982ab3963DC8699
2026-05-28 06:52:30 - wallet_gen - DEBUG - Generated wallet: 0x2aF0B8dA10C1fE56E6de42d5564541f9436be2bE
2026-05-28 06:52:30 - wallet_gen - DEBUG - Generated wallet: 0xF73aAF2841E6e1Eb66071e06A7D91e5C991CAd5C
2026-05-28 06:52:30 - wallet_gen - DEBUG - Generated wallet: 0xcdB2ad8085E6E49F01bA855fafAD1FBFc16cC32C
2026-05-28 06:52:30 - wallet_gen - DEBUG - Generated wallet: 0xfC678638f4101691d55B6F5c82b20d2a8108a2DF
2026-05-28 06:52:30 - wallet_gen - DEBUG - Generated wallet: 0x68Dc2d1659619cbE250980f4532a3A99b69e7353
2026-05-28 06:52:30 - wallet_gen - DEBUG - Generated wallet: 0x92795803bE8ADc1ce2926ffc5cDad02831781488
2026-05-28 06:52:30 - wallet_gen - DEBUG - Generated wallet: 0x25bea4904914Eb678777d55BB46e507d3262FA97
2026-05-28 06:52:30 - wallet_gen - DEBUG - Generated wallet: 0xec727cFB5686061D87E27E59919575D8b062A65d
2026-05-28 06:52:30 - wallet_gen - DEBUG - Generated wallet: 0xCc6e72d4808f009176fe72EA47bA5b81Ab97535E
2026-05-28 06:52:30 - wallet_gen - DEBUG - Generated wallet: 0x5a8A302F4CE85031b49f7E703D44fF60bb7150bB
2026-05-28 06:52:30 - wallet_gen - DEBUG - Generated wallet: 0x3324FC006cBe04D7d8455fb1DCBfdF0B247bCCf7
2026-05-28 06:52:30 - wallet_gen - DEBUG - Generated wallet: 0x93A7De8bEb92F65487e27757A2062F4CCB193dEf
2026-05-28 06:52:30 - wallet_gen - DEBUG - Generated wallet: 0x3666a9A4070FA26F19a790386d8E58f320F890C9
2026-05-28 06:52:30 - wallet_gen - DEBUG - Generated wallet: 0x5C3205e5bd762E53f0Cc57974e1F61C0C3107081
2026-05-28 06:52:30 - wallet_gen - DEBUG - Generated wallet: 0xdeA3438C66084EA86bdDCf4E6c5a5347d6e139d8
2026-05-28 06:52:30 - wallet_gen - DEBUG - Generated wallet: 0x34D571b139bBAc0160BCF39E834B3B970c4b198C
2026-05-28 06:52:30 - wallet_gen - DEBUG - Generated wallet: 0x71Bb0427992b16de1C689BA8f2bfA5e016194855
2026-05-28 06:52:30 - wallet_gen - DEBUG - Generated wallet: 0xCD5b99894Ed3689B63f568a0dDb910b79F839513
2026-05-28 06:52:30 - wallet_gen - DEBUG - Generated wallet: 0x2638618a0a9aD13b9679E0bBf702ddC39e84627E
2026-05-28 06:52:30 - wallet_gen - DEBUG - Generated wallet: 0xDBC885783F6a4C31679F427AfE74047b59dd4cCf
2026-05-28 06:52:30 - wallet_gen - DEBUG - Generated wallet: 0x2948B3d21B5FcCAfb7766049b556a4B8175C5411
2026-05-28 06:52:30 - wallet_gen - DEBUG - Generated wallet: 0xF0013fFF8AFb38952B244D240B55cD23887D3c32
2026-05-28 06:52:30 - wallet_gen - DEBUG - Generated wallet: 0xaa7AE9933fb7e63AB41303f6523b94c4FD394036
2026-05-28 06:52:30 - wallet_gen - DEBUG - Generated wallet: 0x01647D3E65B524b9028360764efA0205284b7Ff9
2026-05-28 06:52:30 - wallet_gen - DEBUG - Generated wallet: 0xc8C8F053456303C3f6CbbC70f6bFbd2dC0428A54
2026-05-28 06:52:30 - wallet_gen - DEBUG - Generated wallet: 0x16dA3A6AA19d79ec9b5F2678704af9662b3BEE57
2026-05-28 06:52:30 - wallet_gen - DEBUG - Generated wallet: 0xdC843B6E71305682dcB4D512a904f4E9a38BCd0F
2026-05-28 06:52:30 - wallet_gen - DEBUG - Generated wallet: 0x110B0c25A1c5944f6ACC7A98EE1E0ed33f59053f
2026-05-28 06:52:30 - wallet_gen - DEBUG - Generated wallet: 0x77829e4f316f18F3bf92059E4b9c3Eb42B550C02
2026-05-28 06:52:30 - wallet_gen - DEBUG - Generated wallet: 0x508d43D84Bac86527150b4c3E7D356a2d32D1B10
2026-05-28 06:52:30 - wallet_gen - DEBUG - Generated wallet: 0xB87fe1FA1bA6e3dfA0b00951f623a26C6dBb921A
2026-05-28 06:52:30 - wallet_gen - DEBUG - Generated wallet: 0x2C866bb03172793d1Db22FcBeB8f499eBC35C4D1
2026-05-28 06:52:30 - wallet_gen - DEBUG - Generated wallet: 0xEDf1fBA6eF7Cd432272FdBC1C5025f61Fe0f14F3
2026-05-28 06:52:30 - wallet_gen - DEBUG - Generated wallet: 0x2a84dDfD93a894E17b61A9211eB29B3aE4F0eCF4
2026-05-28 06:52:30 - wallet_gen - DEBUG - Generated wallet: 0xcCE432bC1fE9B90b0F1620EbD76Df8FCcDA9231c
2026-05-28 06:52:30 - wallet_gen - DEBUG - Generated wallet: 0xb813983994d278684e2B0Bc733EF6e4639Dad329
2026-05-28 06:52:30 - wallet_gen - DEBUG - Generated wallet: 0x974F6b5d275CcaC89CF64a626416C923d469Dbd8
2026-05-28 06:52:30 - wallet_gen - DEBUG - Generated wallet: 0x7853A78d80cB1020bFfa51BdBc7c58b0Eb56F661
2026-05-28 06:52:30 - wallet_gen - DEBUG - Generated wallet: 0x3AEc352A583181ac1B74Fca7A528429A30696132
2026-05-28 06:52:30 - wallet_gen - DEBUG - Generated wallet: 0x81532985930eE580Dc5d08DD7332006Ee5370109
2026-05-28 06:52:30 - wallet_gen - DEBUG - Generated wallet: 0x0D1ef965fD0e3477Bf0275247AB6Aa634fb266f0
2026-05-28 06:52:30 - wallet_gen - DEBUG - Generated wallet: 0x96F25D1Cd7aa1e656E9a41bC92Fe8Cc3B2d4f5D5
2026-05-28 06:52:30 - wallet_gen - DEBUG - Generated wallet: 0xB4401c48747484FD8cA397622bF925DC3d30B2DA
2026-05-28 06:52:30 - wallet_gen - DEBUG - Generated wallet: 0x93f0D7F7D0d91A8F216a80EBfaC1F6147b3b6a5F
2026-05-28 06:52:30 - wallet_gen - DEBUG - Generated wallet: 0x269AA1EeE1679325D5220E73ed7Db6a8E6E90082
2026-05-28 06:52:30 - wallet_gen - DEBUG - Generated wallet: 0x29eF2D6a72B0840Bbcd234fcF8bdbCdA76e29aE6
2026-05-28 06:52:30 - wallet_gen - DEBUG - Generated wallet: 0x79fD2363818B3F92457E9A9ab3CBF43CB694Ad94
2026-05-28 06:52:30 - wallet_gen - DEBUG - Generated wallet: 0x8669cBbA585e6884809c73C61cA850D055De2086
2026-05-28 06:52:30 - wallet_gen - DEBUG - Generated wallet: 0xE2175D07aCdd9b3dCeA0eE7D188739ce42f33799
2026-05-28 06:52:30 - wallet_gen - DEBUG - Generated wallet: 0x7C60afF6FcBf9Dc8553C3956eB9E9FAE9198d7F1
2026-05-28 06:52:30 - wallet_gen - DEBUG - Generated wallet: 0xC2434E5324701FDA19173DA204cE3b2bE9bd44Aa
2026-05-28 06:52:30 - wallet_gen - DEBUG - Generated wallet: 0x10E268B8C5DFa6c96CA98aa666BD511A6556a00b
2026-05-28 06:52:30 - wallet_gen - DEBUG - Generated wallet: 0x36154C9552C645c2bb5169e790CD2403c4044735
2026-05-28 06:52:30 - wallet_gen - DEBUG - Generated wallet: 0xAAC894C87e22b998EE7604C27c8CBFCAbAf07EaD
2026-05-28 06:52:30 - wallet_gen - DEBUG - Generated wallet: 0x48F6e9956F5E669f60c24a04EeC4000254D18C82
2026-05-28 06:52:30 - wallet_gen - DEBUG - Generated wallet: 0x26A2140aEF3e782D6F42916311B1B4296fCD1F42
2026-05-28 06:52:30 - wallet_gen - DEBUG - Generated wallet: 0x1dEF5bac8C556C3387e67cF7Cd1B0631f77Adc9f
2026-05-28 06:52:30 - wallet_gen - DEBUG - Generated wallet: 0x9DaDAA39E144449BC8AfE484B1A844AA07016422
2026-05-28 06:52:30 - wallet_gen - DEBUG - Generated wallet: 0xAC0b63296DF2B8ec0ff8b73D3f4aE7b25c95b78e
2026-05-28 06:52:30 - wallet_gen - DEBUG - Generated wallet: 0xd3fEfC60107DdB451986E66D8224fAC67bf6Cb13
2026-05-28 06:52:30 - wallet_gen - DEBUG - Generated wallet: 0x9D2e0efDbe6b0fA785686a2f1680CeEF7F9AbB15
2026-05-28 06:52:30 - wallet_gen - DEBUG - Generated wallet: 0x19Dc4217183052351fBa4B88E92aBA67FBa3728b
2026-05-28 06:52:30 - wallet_gen - DEBUG - Generated wallet: 0x48ADf6E58e2133616cbE6b55472a7Beda15ED80F
2026-05-28 06:52:30 - wallet_gen - DEBUG - Generated wallet: 0x6eFdC381C43dc197EFF7285120a6041DA85a80F7
2026-05-28 06:52:30 - wallet_gen - DEBUG - Generated wallet: 0x6c79B8d1B94F58AF8d2effA32cA04eEf0e2f0fde
2026-05-28 06:52:30 - wallet_gen - DEBUG - Generated wallet: 0xe1083c7dB2b2e18195c353cD2191C97a4634e771
2026-05-28 06:52:30 - wallet_gen - DEBUG - Generated wallet: 0xD5b5Ccf880F79e57C2d9F3FD1633C2B7dE3a7BB9
2026-05-28 06:52:30 - wallet_gen - DEBUG - Generated wallet: 0x355F5E0d648393DF390c4834c1c7d8c5833b41e8
2026-05-28 06:52:30 - wallet_gen - DEBUG - Generated wallet: 0x0F5D9689df58D53c3184EA783552C7281524c8E0
2026-05-28 06:52:30 - wallet_gen - DEBUG - Generated wallet: 0x59f9090787B81C40FDf3242755d4f66Ff6c07286
2026-05-28 06:52:30 - wallet_gen - DEBUG - Generated wallet: 0x744541EC45c290b2023d3AC6d349AC657e8c5c67
2026-05-28 06:52:30 - wallet_gen - DEBUG - Generated wallet: 0x9D708A53336b5C0C66bE7A51C52933fC8D48Cf50
2026-05-28 06:52:30 - wallet_gen - DEBUG - Generated wallet: 0x4ce09ae0e8c5Cfb50d3098718A38a32CC5d0Eb6C
2026-05-28 06:52:30 - wallet_gen - DEBUG - Generated wallet: 0xb82087F631f44C7070EE7c659975e2eF770364df
2026-05-28 06:52:30 - wallet_gen - DEBUG - Generated wallet: 0x451b4a83c79Cdd8540e7FF860afA1B1c24718693
2026-05-28 06:52:30 - wallet_gen - DEBUG - Generated wallet: 0x9CAf6A1af7c0f2E434103065b91C81b4c7F9504A
2026-05-28 06:52:30 - wallet_gen - DEBUG - Generated wallet: 0x0daFf6BFd7758E71D2B45dA75CC64B92493DFC7F
2026-05-28 06:52:30 - wallet_gen - DEBUG - Generated wallet: 0x3FBbA9911a66bFf9853F912F8C0488340fAC039f
2026-05-28 06:52:30 - wallet_gen - DEBUG - Generated wallet: 0xA5f6C68ff6Ae9D97Fde3C59BC837A2e6fa3A0126
2026-05-28 06:52:30 - wallet_gen - DEBUG - Generated wallet: 0x1F7e5fb1df15907BdcAd9e00A637171c82fB0818
2026-05-28 06:52:30 - wallet_gen - DEBUG - Generated wallet: 0xC53b26ed33da6f67138D0a6D9568B53bED99cEA1
2026-05-28 06:52:30 - wallet_gen - DEBUG - Generated wallet: 0x72ae7205C8A624E1e6C043e811fab5450607C3f0
2026-05-28 06:52:30 - wallet_gen - DEBUG - Generated wallet: 0x87475c661eA67593D9a252F7fdCb0D007668249f
2026-05-28 06:52:30 - wallet_gen - DEBUG - Generated wallet: 0x61f9C6a488CCcb8a36c685C6DF7C28112f78F2D7
2026-05-28 06:52:30 - wallet_gen - DEBUG - Generated wallet: 0x10896f5c20EEa71E3bEc888139582AbbA394A060
2026-05-28 06:52:30 - wallet_gen - DEBUG - Generated wallet: 0x34A8add90E06415Fee01EBE39820ebb9F10F6012
2026-05-28 06:52:30 - wallet_gen - DEBUG - Generated wallet: 0x33b6819f226AC0697462C7024E5246a9251a5cb9
2026-05-28 06:52:30 - wallet_gen - DEBUG - Generated wallet: 0xc6BDbd69c37800e98425b1FEA37E9c857Fdd274e
2026-05-28 06:52:30 - wallet_gen - DEBUG - Generated wallet: 0xe019C01E33FC0a57068b4097aD341f5feEb15569
2026-05-28 06:52:30 - wallet_gen - DEBUG - Generated wallet: 0x016f3b962a03EECf61711d3F501E1810dC2ce200
2026-05-28 06:52:30 - wallet_gen - DEBUG - Generated wallet: 0xBf3282b3c48452618A0020dd563cF44877BC1D13
2026-05-28 06:52:30 - wallet_gen - DEBUG - Generated wallet: 0xfF1897aAaFd71bd28705C1b54F3E462c601745D7
2026-05-28 06:52:30 - wallet_gen - DEBUG - Generated wallet: 0x47F0D8E9Df5799b1305ccFfcBb2200862329A070
2026-05-28 06:52:30 - wallet_gen - DEBUG - Generated wallet: 0xe4A111778476A8f19fC825Cf168910371bEdd6b9
2026-05-28 06:52:30 - wallet_gen - DEBUG - Generated wallet: 0x540B3160f2d527F2155F6dCE25d4F537608360C5
2026-05-28 06:52:30 - wallet_gen - DEBUG - Generated wallet: 0x9b7d69cA10e02E609dE9040AC2e319aD1fE41CaF
2026-05-28 06:52:30 - wallet_gen - DEBUG - Generated wallet: 0x03718369a00280e1E9Bc499363fe20e9E1e0234a
2026-05-28 06:52:30 - wallet_gen - DEBUG - Generated wallet: 0xF785dB915d042A630da50cF531B031FC5E6780A0
2026-05-28 06:52:30 - wallet_gen - DEBUG - Generated wallet: 0x3e46d6C0e971248fc282d445cB6589D5ee7dfed2
2026-05-28 06:52:30 - wallet_gen - DEBUG - Generated wallet: 0x26cF481B354F0a2Be308122ea6567c28b7493F68
2026-05-28 06:52:30 - wallet_gen - DEBUG - Generated wallet: 0x75dAeDaFF587f4eC91E9E32413A1935f49E33B70
2026-05-28 06:52:30 - wallet_gen - DEBUG - Generated wallet: 0x7CEDBFe8d422310A40d51898e7ADF594A99d52aB
2026-05-28 06:52:30 - wallet_gen - DEBUG - Generated wallet: 0x8f0d988f34E07D2b7b682f5b89EC174655E1CF1B
2026-05-28 06:52:30 - wallet_gen - DEBUG - Generated wallet: 0x72965514Fa90585A90fb3560AdF3a1C20247Be9f
2026-05-28 06:52:30 - wallet_gen - DEBUG - Generated wallet: 0xc33A83B702e3e9AFF253bB5035E1911900c24055
2026-05-28 06:52:30 - wallet_gen - DEBUG - Generated wallet: 0x948a4B76F453a0E80c651d43542cFDA1C037377a
2026-05-28 06:52:30 - wallet_gen - DEBUG - Generated wallet: 0xCf5f56F95989Adf3847C58693e4EA98e93A2CEc1
2026-05-28 06:52:30 - wallet_gen - DEBUG - Generated wallet: 0x65D35616F0fE155806969e595aa44ad888d37514
2026-05-28 06:52:30 - wallet_gen - DEBUG - Generated wallet: 0x40be69238aAd9ac3a94216915FAb9EA718DfD11c
2026-05-28 06:52:30 - wallet_gen - DEBUG - Generated wallet: 0xEe0C6c3401A1eaE48C66f99eDbC5aa93eD4678CB
2026-05-28 06:52:30 - wallet_gen - DEBUG - Generated wallet: 0x3E7d261A092f26F4dD13C01B235cC2d011bfD133
2026-05-28 06:52:30 - wallet_gen - DEBUG - Generated wallet: 0x3432A782e371428e971FC97Ce717E0b97F90f8eD
2026-05-28 06:52:30 - wallet_gen - DEBUG - Generated wallet: 0x2dBCd234DA3DD8aB279C488bD15716838c236386
2026-05-28 06:52:30 - wallet_gen - DEBUG - Generated wallet: 0x6977f2105e20054673d801138B382c0fc78ab04c
2026-05-28 06:52:30 - wallet_gen - DEBUG - Generated wallet: 0xd51F70F946068A27b8f2ce20bAdC730b64F422Ea
2026-05-28 06:52:30 - wallet_gen - DEBUG - Generated wallet: 0xE4e005e0DaB188965023E6d1B7e5b445E61Dd2ef
2026-05-28 06:52:30 - wallet_gen - DEBUG - Generated wallet: 0x201B9826e2eaDD542225732D7a5466b9927A2726
2026-05-28 06:52:30 - wallet_gen - DEBUG - Generated wallet: 0xE1298c2b096A33Aa85a2290b3726CefCBC8C8B65
2026-05-28 06:52:30 - wallet_gen - DEBUG - Generated wallet: 0xFa159Fdf2d836709B511872F75c5e6b841a9B9AB
2026-05-28 06:52:30 - wallet_gen - DEBUG - Generated wallet: 0xBA48C05D49C595067da644fb0675f354f12BD98b
2026-05-28 06:52:30 - wallet_gen - DEBUG - Generated wallet: 0x4364bbA5072Cc2b33C7E732BF70d8e40425E5c8c
2026-05-28 06:52:30 - wallet_gen - DEBUG - Generated wallet: 0x49e26C0190A13156401b4260ea2b98991a75Df46
2026-05-28 06:52:30 - wallet_gen - DEBUG - Generated wallet: 0xf0f04C3fd397624239Ca80e4c563fD0B88ED9458
2026-05-28 06:52:30 - wallet_gen - DEBUG - Generated wallet: 0xF492C8E35F7Eb998882421Bf637058c3F0730c54
2026-05-28 06:52:30 - wallet_gen - DEBUG - Generated wallet: 0x853300d3a09Fb21e235672D5dbca981029d56089
2026-05-28 06:52:30 - wallet_gen - DEBUG - Generated wallet: 0x64C3faA9803C5eC651f04516B55513DfEe8647fC
2026-05-28 06:52:30 - wallet_gen - DEBUG - Generated wallet: 0x09d05D27f5edFde4Bc4bbFF5Bf4d6431A994EFa5
2026-05-28 06:52:30 - wallet_gen - DEBUG - Generated wallet: 0xc7D2B1b7CFE8A93f1858e16F9a31468705e5fB0c
2026-05-28 06:52:30 - wallet_gen - DEBUG - Generated wallet: 0xb90614dfb6ab2b009387De4EE787c894c8Cd58f2
2026-05-28 06:52:30 - wallet_gen - DEBUG - Generated wallet: 0xfC87Ecb3B470F1957505A7F7D362F7431D7e609a
2026-05-28 06:52:30 - wallet_gen - DEBUG - Generated wallet: 0x84bEc4104D6aF86A0C9095Ea3f0566873BEC28F2
2026-05-28 06:52:30 - wallet_gen - DEBUG - Generated wallet: 0x429b3b747FCAab79556EdCB75251b8E449B3C828
2026-05-28 06:52:30 - wallet_gen - DEBUG - Generated wallet: 0x6F2371d3E154B6F27bfCc54C5555f995ff6Dc7e7
2026-05-28 06:52:30 - wallet_gen - DEBUG - Generated wallet: 0x3Fb3D8035426BeD1Bb4daa6d1b2d7DfEfB8746EB
2026-05-28 06:52:30 - wallet_gen - DEBUG - Generated wallet: 0xcC7342a937273BDe7B028dDC9e68AF5d567FE44a
2026-05-28 06:52:30 - wallet_gen - DEBUG - Generated wallet: 0x5c694fD8EeE73F701284Dc4FAEC1a29cE7B0d594
2026-05-28 06:52:30 - wallet_gen - DEBUG - Generated wallet: 0x5a3B259edB6daa7510942b75F1D2C3C5261B5390
2026-05-28 06:52:30 - wallet_gen - DEBUG - Generated wallet: 0xC85B2DC042523B023cA5513596a0613E36D074a0
2026-05-28 06:52:30 - wallet_gen - DEBUG - Generated wallet: 0x0Fde1d0aE37D70e3F1E191AA8FAE18F391Dc9601
2026-05-28 06:52:30 - wallet_gen - DEBUG - Generated wallet: 0xEf2960eBE854a1f14C1b4201c149EF9577D82066
2026-05-28 06:52:30 - wallet_gen - DEBUG - Generated wallet: 0xb455F3b2B400931EeCe65076210Bde864FA2E6D0
2026-05-28 06:52:30 - wallet_gen - DEBUG - Generated wallet: 0x2571b29798f678A98e78Fe7701170164D12CC462
2026-05-28 06:52:30 - wallet_gen - DEBUG - Generated wallet: 0xC5817481908312A0aa10329d9dAddA24608E186D
2026-05-28 06:52:30 - wallet_gen - DEBUG - Generated wallet: 0x8A78c130E393472F6AB51B74f83d4A5ABB1b9699
2026-05-28 06:52:30 - wallet_gen - DEBUG - Generated wallet: 0xD36110c76dBb376971544be91d260172878bcd03
2026-05-28 06:52:30 - wallet_gen - DEBUG - Generated wallet: 0xce4134B6FB35653c3a2c92B605Ee2D6F0BE4458A
2026-05-28 06:52:30 - wallet_gen - DEBUG - Generated wallet: 0x740Ded9e9a5B890548018Ff40533d3a9D24a592C
2026-05-28 06:52:30 - wallet_gen - DEBUG - Generated wallet: 0x36C770D3aBc9f11E8e3d40310Ca80AFA5d6039c1
2026-05-28 06:52:30 - wallet_gen - DEBUG - Generated wallet: 0x10D376f9239D442580Cc3bc356c1acc412E60516
2026-05-28 06:52:30 - wallet_gen - DEBUG - Generated wallet: 0x59E2A051eC4f6871f88A6f34c4413B824843a3dB
2026-05-28 06:52:30 - wallet_gen - DEBUG - Generated wallet: 0x43611002409F675050Aa36A228103B7Fa9c457CF
2026-05-28 06:52:30 - wallet_gen - DEBUG - Generated wallet: 0x1b03EeA60d8f346882EB852dC8D3E24b8FB76e9E
2026-05-28 06:52:30 - wallet_gen - DEBUG - Generated wallet: 0x066FDC40Ed6a4E2FbaF97747776892d530b96Ff6
2026-05-28 06:52:30 - wallet_gen - DEBUG - Generated wallet: 0x2E851c01AE3A0806fE593aB53f52A61187Ec678B
2026-05-28 06:52:30 - wallet_gen - DEBUG - Generated wallet: 0x4f7a70ec29f366128c467c3aA3AC84996C03388F
2026-05-28 06:52:30 - wallet_gen - DEBUG - Generated wallet: 0xc1B35B225A459E74F9EBab46273b93e66704a9f0
2026-05-28 06:52:30 - wallet_gen - DEBUG - Generated wallet: 0x77bbD616CC3Aa621FF55BB26D989e66Af118C914
2026-05-28 06:52:30 - wallet_gen - DEBUG - Generated wallet: 0x0b1e09a1919A1c982C8eA01e5F4C550596F3BBC3
2026-05-28 06:52:30 - wallet_gen - DEBUG - Generated wallet: 0x105c6a8689f21bbe8bCd4FFD168B1eAFD24ec919
2026-05-28 06:52:30 - wallet_gen - DEBUG - Generated wallet: 0x606C6B56BBc4b2Eb837f144d2A46f712f223A26A
2026-05-28 06:52:30 - wallet_gen - DEBUG - Generated wallet: 0x2533f88B91223B7A62497372403a9fB5deA54573
2026-05-28 06:52:30 - wallet_gen - DEBUG - Generated wallet: 0x5b92A2A0E6e1AB0eC149aDa35F58751d4785b54E
2026-05-28 06:52:30 - wallet_gen - DEBUG - Generated wallet: 0x87be8740E177F4d6879A24311232530De7E1EF6b
2026-05-28 06:52:30 - wallet_gen - DEBUG - Generated wallet: 0x582EBd25161cb697dfD6aE27574bA1CB040519fE
2026-05-28 06:52:30 - wallet_gen - DEBUG - Generated wallet: 0xe8a45FF45Ce281E01688aEEcBcc23C1C771dfA61
2026-05-28 06:52:30 - wallet_gen - DEBUG - Generated wallet: 0xaD2C837C46d900251D35E89Bbc33A3444bC3b084
2026-05-28 06:52:30 - wallet_gen - DEBUG - Generated wallet: 0x9b940fD3Ba06680D39E9C64E06bb9481FB5cb166
2026-05-28 06:52:30 - wallet_gen - DEBUG - Generated wallet: 0xb501B9eFBfEEe887B8b2e45fB8a842bC648F1cf2
2026-05-28 06:52:30 - wallet_gen - DEBUG - Generated wallet: 0xFea5be79d96E017852fd2b88430d8631a0a7E463
2026-05-28 06:52:30 - wallet_gen - DEBUG - Generated wallet: 0x859AA06fc228017b6a3361d4EcD6CDc31C8037F3
2026-05-28 06:52:30 - wallet_gen - DEBUG - Generated wallet: 0xa015B4B5b625B01E80A4c56De4Ba60d41A404F2e
2026-05-28 06:52:30 - wallet_gen - DEBUG - Generated wallet: 0x565c5179F07608Ed4E74aD490c61657611B48Cb2
2026-05-28 06:52:30 - wallet_gen - DEBUG - Generated wallet: 0x2f0d446F15700F648611bC7E2CdcC3cABbf4B573
2026-05-28 06:52:30 - wallet_gen - DEBUG - Generated wallet: 0x518E8AdAF604aD98B323ac970E992eAcd58B7Bc4
2026-05-28 06:52:30 - wallet_gen - DEBUG - Generated wallet: 0x6cee2f6806c90eDf6Ba35E2B0a47b002b4F4Cb77
2026-05-28 06:52:30 - wallet_gen - DEBUG - Generated wallet: 0x0BAD7C1461cF2882e113E2DA1Ba327B0EA9Da9aa
2026-05-28 06:52:30 - wallet_gen - DEBUG - Generated wallet: 0xC9BCa0EC082dd650faaE4A5384bB9f8E3c89f606
2026-05-28 06:52:30 - wallet_gen - DEBUG - Generated wallet: 0xc82526499C458C40BDdBFE3B80bCd986e92acAd2
2026-05-28 06:52:30 - wallet_gen - DEBUG - Generated wallet: 0x85DA02034B89FB23D7FcCA2C5D2C7a8C603a9938
2026-05-28 06:52:30 - wallet_gen - DEBUG - Generated wallet: 0xDB36E28cfc6AF3AAcC3A61Fc6c0558C0d72Ba5E5
2026-05-28 06:52:30 - wallet_gen - DEBUG - Generated wallet: 0xaa279e0EbB3f94A57F6eC9fdE3a492CC1Dc392cA
2026-05-28 06:52:30 - wallet_gen - DEBUG - Generated wallet: 0xfE65a22a5F673c35879298017916F7988898C9E2
2026-05-28 06:52:30 - wallet_gen - DEBUG - Generated wallet: 0x4064Af4B1E7413E731Aa88Ae634a450521308Ca8
2026-05-28 06:52:30 - wallet_gen - DEBUG - Generated wallet: 0x086856f328eadb027DE32dfF7AD5E9DA03a884B2
2026-05-28 06:52:30 - wallet_gen - DEBUG - Generated wallet: 0xe7FC24a3E492cA4B4C493120DE3400bB95fA040e
2026-05-28 06:52:30 - wallet_gen - DEBUG - Generated wallet: 0xD54C484DA7881d73Ff59A89a3e3eB5d29861A4F5
2026-05-28 06:52:30 - wallet_gen - DEBUG - Generated wallet: 0x793C4BdfE2Ce1fF9f418C405111f5a18dc40D089
2026-05-28 06:52:30 - wallet_gen - DEBUG - Generated wallet: 0xb2664bFAa8c9e5A04868D62D7b826788Bc6f855A
2026-05-28 06:52:30 - wallet_gen - DEBUG - Generated wallet: 0x61145AF025D2f24c3CF5dd23bcaea4D295dC36e1
2026-05-28 06:52:30 - wallet_gen - DEBUG - Generated wallet: 0x489c7B69709083d1017345853B6C9786C620ba11
2026-05-28 06:52:30 - wallet_gen - DEBUG - Generated wallet: 0x12fEeFBA0373aA034F568822EaDF7345DabC7822
2026-05-28 06:52:30 - wallet_gen - DEBUG - Generated wallet: 0xCDbB9d9eaF99579A77ADd16Aa21F0d4d1EE0DEF7
2026-05-28 06:52:30 - wallet_gen - DEBUG - Generated wallet: 0x2f3Ad562Ae015BFD5bB740099831e9119f32d9Ad
2026-05-28 06:52:30 - wallet_gen - DEBUG - Generated wallet: 0x99737a0e7Af6E7e3F5d6de8b9694b0A5593c8741
2026-05-28 06:52:30 - wallet_gen - DEBUG - Generated wallet: 0x54eDE08eD7d67F4CF0CCB4C87EaB68915D7715f7
2026-05-28 06:52:30 - wallet_gen - DEBUG - Generated wallet: 0xc7A8e7535120e755a94333E31939223F3ec2C980
2026-05-28 06:52:30 - wallet_gen - DEBUG - Generated wallet: 0xCF2387914F3C5D35FccC6E42451E681cCB646fE3
2026-05-28 06:52:30 - wallet_gen - DEBUG - Generated wallet: 0x2FC9AFf2820008d7a178dA3e476d26a2337aB6e2
2026-05-28 06:52:30 - wallet_gen - DEBUG - Generated wallet: 0xaF748d06B932383636ABF22B2f5Bc534C650C223
2026-05-28 06:52:30 - wallet_gen - DEBUG - Generated wallet: 0xF20201a400be165670D38bb5b5F088Ee10070c62
2026-05-28 06:52:30 - wallet_gen - DEBUG - Generated wallet: 0x07305DBD07a1aE48109a87a12c7c71A8b2272059
2026-05-28 06:52:30 - wallet_gen - DEBUG - Generated wallet: 0x02382AFC896817b2b985EB6d1ad8B93647aeECC4
2026-05-28 06:52:30 - wallet_gen - DEBUG - Generated wallet: 0xcA2088ce91bAc129a485E585b260b87f01261213
2026-05-28 06:52:30 - wallet_gen - DEBUG - Generated wallet: 0xffE3826f85738B2f2C3742Be9189fe8d39Bb21b3
2026-05-28 06:52:30 - wallet_gen - DEBUG - Generated wallet: 0xF865EB8CC35917bB323258eC38715237E881Edee
2026-05-28 06:52:30 - wallet_gen - DEBUG - Generated wallet: 0x68BAAbcd02eA6B34507EcC26592171c9e3f6830b
2026-05-28 06:52:30 - wallet_gen - DEBUG - Generated wallet: 0x1358D1361D62B55405e03ebd86702Aa57eCc6828
2026-05-28 06:52:30 - wallet_gen - DEBUG - Generated wallet: 0x8d7F3ee3ed8D8771DE75abb5242914778f1322D3
2026-05-28 06:52:30 - wallet_gen - DEBUG - Generated wallet: 0xF34a09A89663C8a13f8b23688Aab519A15666375
2026-05-28 06:52:30 - wallet_gen - DEBUG - Generated wallet: 0xff1142dF1B469721C94A643933498922719D111e
2026-05-28 06:52:30 - wallet_gen - DEBUG - Generated wallet: 0xd49533a438855F7EF95eBDbbBB31072B7e4dFC23
2026-05-28 06:52:30 - wallet_gen - DEBUG - Generated wallet: 0xfd2994Fb7011b9BABE0a8f751319D35E9e61ca87
2026-05-28 06:52:30 - wallet_gen - DEBUG - Generated wallet: 0x71409E9B15F6c5cC30A42BE28BA8Ba2A7324E36d
2026-05-28 06:52:30 - wallet_gen - DEBUG - Generated wallet: 0x59314186F66F82F6F959Bc37C974998d1e2d1081
2026-05-28 06:52:30 - wallet_gen - DEBUG - Generated wallet: 0xF570ce2f7b63dac9B5d9838ba155bB8ecBAa3090
2026-05-28 06:52:30 - wallet_gen - DEBUG - Generated wallet: 0x6c61Dc133d0B227FCE089747eA0C1aE278e451C1
2026-05-28 06:52:30 - wallet_gen - DEBUG - Generated wallet: 0xFeeeab97138Cb6d68450fF06b7672098B1cFb81E
2026-05-28 06:52:30 - wallet_gen - DEBUG - Generated wallet: 0x40863C54c6321C512C72504f637426890cFe744c
2026-05-28 06:52:30 - wallet_gen - DEBUG - Generated wallet: 0x2F100F7307c52A53e5CE462c8423156d91347317
2026-05-28 06:52:30 - wallet_gen - DEBUG - Generated wallet: 0x74425c299BE6e040C2D473996d0dc290Bb35b288
2026-05-28 06:52:30 - wallet_gen - DEBUG - Generated wallet: 0x58FEbC3B00376fbF295b8a2842ddfb705a96Cece
2026-05-28 06:52:30 - wallet_gen - DEBUG - Generated wallet: 0x502E3991DbCbCAA6090873E7972b805eA2BF22a3
2026-05-28 06:52:30 - wallet_gen - DEBUG - Generated wallet: 0x6219373f030469B3614cDF6790fB37Ed63F4F4bb
2026-05-28 06:52:30 - wallet_gen - DEBUG - Generated wallet: 0x90227FD19400a87Be9A7A465cf5c496BBf4EA271
2026-05-28 06:52:30 - wallet_gen - DEBUG - Generated wallet: 0x7C453c04EC8f48b4AD2195acDCfcF9557DE79AD0
2026-05-28 06:52:30 - wallet_gen - DEBUG - Generated wallet: 0x5AbEb5793315e78bffBdf8270D34963772Dc3EEA
2026-05-28 06:52:30 - wallet_gen - DEBUG - Generated wallet: 0x4266606fB861539F37A1F8E18641A4e9eB0d5F70
2026-05-28 06:52:30 - wallet_gen - DEBUG - Generated wallet: 0xc011412bccF7A4F341e9c2d2A5266688C1B9f16f
2026-05-28 06:52:30 - wallet_gen - DEBUG - Generated wallet: 0x2BE6A6c5A155d204B4D67312C54FEFC857d83887
2026-05-28 06:52:30 - wallet_gen - DEBUG - Generated wallet: 0x62843D1563ff2291830eC93930B3D6dD817BF7bA
2026-05-28 06:52:30 - wallet_gen - DEBUG - Generated wallet: 0x2b8aEd920921Bb2c1fFE37b2eDb2169AC687EfaB
2026-05-28 06:52:30 - wallet_gen - DEBUG - Generated wallet: 0xFa6E062B9Fb43228638fE2b6a59B55816f7e15A7
2026-05-28 06:52:30 - wallet_gen - DEBUG - Generated wallet: 0xcBf78ABd489EF2c45D024Fc2B7a240fdE76B8a63
2026-05-28 06:52:30 - wallet_gen - DEBUG - Generated wallet: 0xf3dDE2F05fCDf53702F5219C01F72D03EC997866
2026-05-28 06:52:30 - wallet_gen - DEBUG - Generated wallet: 0xaaA95BF1150649782f6bd46588f5C027437EfFFe
2026-05-28 06:52:30 - wallet_gen - DEBUG - Generated wallet: 0x97449050a8dA6b78472332ad669EF193146e016e
2026-05-28 06:52:30 - wallet_gen - DEBUG - Generated wallet: 0xd21ea73A0eb78A875B6baC8900149ed987154052
2026-05-28 06:52:30 - wallet_gen - DEBUG - Generated wallet: 0x45ad67a74b92C25f626Dfcb4B1667ae90Ec3ed08
2026-05-28 06:52:30 - wallet_gen - DEBUG - Generated wallet: 0xE3d6ddDf488478cE958AeCeD736A8A439A297196
2026-05-28 06:52:30 - wallet_gen - DEBUG - Generated wallet: 0x5D8ECe90d73C641284Bc2f9Cb3952042cA9fA122
2026-05-28 06:52:30 - wallet_gen - DEBUG - Generated wallet: 0x60D432cfaFd961E375b6C3886607dcBa2258B3F9
2026-05-28 06:52:30 - wallet_gen - DEBUG - Generated wallet: 0xfD3AbDB72550e717Fbe2eB1dC63C404E101eAB91
2026-05-28 06:52:30 - wallet_gen - DEBUG - Generated wallet: 0x1D13DD504b2b699d444B5e5672d6D53D0f5976fa
2026-05-28 06:52:30 - wallet_gen - DEBUG - Generated wallet: 0xA8e3786974c303498E30199Bc4286cb53652d810
2026-05-28 06:52:30 - wallet_gen - DEBUG - Generated wallet: 0x2Ba76784541d341204B3DA42D558E378c4A4220e
2026-05-28 06:52:30 - wallet_gen - DEBUG - Generated wallet: 0x8270814b2F619738B8277EEF35DB93FA417F3896
2026-05-28 06:52:30 - wallet_gen - DEBUG - Generated wallet: 0x74b49D1cD1bf3752cb7a74140E2E24DEe1e7B29a
2026-05-28 06:52:30 - wallet_gen - DEBUG - Generated wallet: 0xd1e749870A4Bc0ff3dbffE996Ad89e0B9e2539a6
2026-05-28 06:52:30 - wallet_gen - DEBUG - Generated wallet: 0xfd9DF9273c1605417Ab6a5BF81f22C7499424862
2026-05-28 06:52:30 - wallet_gen - DEBUG - Generated wallet: 0x65d6635564d9A7C79B8f9ED814673Ea5CCa92adb
2026-05-28 06:52:30 - wallet_gen - DEBUG - Generated wallet: 0xE901E72533270Cb8D90610157a4D771E4d61A0B7
2026-05-28 06:52:30 - wallet_gen - DEBUG - Generated wallet: 0xD536058d291c57AC515569F6F85fE81AEab787cD
2026-05-28 06:52:30 - wallet_gen - DEBUG - Generated wallet: 0x60E4789ca56c10E907a06362e1B8BF1DF5E49030
2026-05-28 06:52:30 - wallet_gen - DEBUG - Generated wallet: 0x4239860CfF35CdAb68842B0c66B3be96BB2C84db
2026-05-28 06:52:30 - wallet_gen - DEBUG - Generated wallet: 0x303bF83F5eF51083ad35E0C2E68b45C42351aeA6
2026-05-28 06:52:30 - wallet_gen - DEBUG - Generated wallet: 0x711Ae4759F0827C8dfA0520B0fdA2dfac79CF139
2026-05-28 06:52:30 - wallet_gen - DEBUG - Generated wallet: 0xF0C6f7Dd36Cc713a0059e80686C78DfA722ED995
2026-05-28 06:52:30 - wallet_gen - DEBUG - Generated wallet: 0x11b229492807a58da8DD50eE02A2dD66719023BD
2026-05-28 06:52:30 - wallet_gen - DEBUG - Generated wallet: 0x704735A568d40902B893aEb8F4064f63DDaFf3DD
2026-05-28 06:52:30 - wallet_gen - DEBUG - Generated wallet: 0xbA0490f474b3838B75610b7D73617679D571f3F6
2026-05-28 06:52:30 - wallet_gen - DEBUG - Generated wallet: 0x58b72D98192a7f9BB54ea09CBc510F68b69304C2
2026-05-28 06:52:30 - wallet_gen - DEBUG - Generated wallet: 0x9b9e40bC35A0Bb6a3D44138128A2CDa320ef34B6
2026-05-28 06:52:30 - wallet_gen - DEBUG - Generated wallet: 0x109aee9B4E3C032fAe6372d2E2e0A8c7772761D5
2026-05-28 06:52:30 - wallet_gen - DEBUG - Generated wallet: 0xEE553d744E5EB5a66F51450Fad6D0e3Ed28201a1
2026-05-28 06:52:30 - wallet_gen - DEBUG - Generated wallet: 0xEE0f343177fda2e9a84f9a897653D3B9FE9AAEF9
2026-05-28 06:52:30 - wallet_gen - DEBUG - Generated wallet: 0xcE0adb7837eA96293f2ae6E2e5A86544dAAa9c4b
2026-05-28 06:52:30 - wallet_gen - DEBUG - Generated wallet: 0x3eB315538641955383A19b494c2cc54fA1Bb58b0
2026-05-28 06:52:30 - wallet_gen - DEBUG - Generated wallet: 0xc13e5E3972eCB542e241336A7c89C5d7A4f3A400
2026-05-28 06:52:30 - wallet_gen - DEBUG - Generated wallet: 0x9ba1A555b843bf234F665272486145F4Fe98B98d
2026-05-28 06:52:30 - wallet_gen - DEBUG - Generated wallet: 0xb6c39f73d5a49757Dbb36973b1F673729BD5Bb69
2026-05-28 06:52:30 - wallet_gen - DEBUG - Generated wallet: 0xa7AE617116E8853152a7dFf2D1767EE4EE1f77dD
2026-05-28 06:52:30 - wallet_gen - DEBUG - Generated wallet: 0x27c45c4ef3CfAC74098ECe4F07864DA9596F2a12
2026-05-28 06:52:30 - wallet_gen - DEBUG - Generated wallet: 0xEcE5Aa597Fe22d34300E2d7849921FB6abF6E6cD
2026-05-28 06:52:30 - wallet_gen - DEBUG - Generated wallet: 0x2074661b089C9eF32C37D2C28d9007F7c81eBffB
2026-05-28 06:52:30 - wallet_gen - DEBUG - Generated wallet: 0x06cd63CA5D2e939a66AD585aFc0EF9B809bEDc00
2026-05-28 06:52:30 - wallet_gen - DEBUG - Generated wallet: 0x2a168677e3C4F437BE81bf5fe93f6981609Dfaa8
2026-05-28 06:52:30 - wallet_gen - DEBUG - Generated wallet: 0x748b371A22be2DE25911dA31138276c3A541BCed
2026-05-28 06:52:30 - wallet_gen - DEBUG - Generated wallet: 0xD16b2e9EC38D7064E60df53180758aC1CB50808a
2026-05-28 06:52:30 - wallet_gen - DEBUG - Generated wallet: 0xc020258FA63Da1640a60F17Ce7089b65FA32DD41
2026-05-28 06:52:30 - wallet_gen - DEBUG - Generated wallet: 0xEfF05471C52A2A07EfB1137590a7e70D9d2fA651
2026-05-28 06:52:30 - wallet_gen - DEBUG - Generated wallet: 0xbB5C084C4d6aa7cD0b96B3AFFc0a8b7Cf73bE7f5
2026-05-28 06:52:30 - wallet_gen - DEBUG - Generated wallet: 0xAdCdF5A121D8944Bc01A00cFf80f5a25e1BD2F45
2026-05-28 06:52:30 - wallet_gen - DEBUG - Generated wallet: 0x3ff2Fe86929C39e7153534464A8C418c56041B25
2026-05-28 06:52:30 - wallet_gen - DEBUG - Generated wallet: 0x5C02ebE93000758bE90bbC30864Be58029a1cCa0
2026-05-28 06:52:30 - wallet_gen - DEBUG - Generated wallet: 0xef0c55Dc2E3EaC1e3f85b9921799196a5591443c
2026-05-28 06:52:30 - wallet_gen - DEBUG - Generated wallet: 0x8bb2C59f9D8c4656f8fB8970985986986D8dB36D
2026-05-28 06:52:30 - wallet_gen - DEBUG - Generated wallet: 0xE85F180e3f2966f6875261e1824f1701529b0EB1
2026-05-28 06:52:30 - wallet_gen - DEBUG - Generated wallet: 0x0D0C107B9136F77789642cc3A87A1b354622ee3a
2026-05-28 06:52:30 - wallet_gen - DEBUG - Generated wallet: 0x2dc74512F4B7901AAe15Dd2032461722dE78227d
2026-05-28 06:52:30 - wallet_gen - DEBUG - Generated wallet: 0x7F2a4FC6d8e87Ad783926e81067C4Fb3F147D39A
2026-05-28 06:52:30 - wallet_gen - DEBUG - Generated wallet: 0xB3965b8bADb35fD49E09f4891d04a9CFDaD90BDe
2026-05-28 06:52:30 - wallet_gen - DEBUG - Generated wallet: 0xe4B45f7884127e3B5785A0bAC672b1EBb4E08A22
2026-05-28 06:52:30 - wallet_gen - DEBUG - Generated wallet: 0xB466DBA50eb0d66BF7948570aeC5725ADa91aBd9
2026-05-28 06:52:30 - wallet_gen - DEBUG - Generated wallet: 0xB6fD5DE6ffAf6615BC8a1298e783A0a87e3a3278
2026-05-28 06:52:30 - wallet_gen - DEBUG - Generated wallet: 0xEc80D2898A0d754A649995FC9AffA7bf29833611
2026-05-28 06:52:30 - wallet_gen - DEBUG - Generated wallet: 0xa7d6f9e108d8BE410e16Bba175E704bc8a29e516
2026-05-28 06:52:30 - wallet_gen - DEBUG - Generated wallet: 0x4fe8371f537cf2D355b2c6d633F672C33a56a7B8
2026-05-28 06:52:30 - wallet_gen - DEBUG - Generated wallet: 0xa6dbD615Af3b46b75a45fD0A95A3e55A4dE876AE
2026-05-28 06:52:30 - wallet_gen - DEBUG - Generated wallet: 0x77119D8C99596A32D7251206a5AFC2351Bb57635
2026-05-28 06:52:30 - wallet_gen - DEBUG - Generated wallet: 0x360B26472d56E0A03D302375A5186b510D6aBa08
2026-05-28 06:52:30 - wallet_gen - DEBUG - Generated wallet: 0xd78c882f5978be05121602558CD96f5e2cBfB793
2026-05-28 06:52:30 - wallet_gen - DEBUG - Generated wallet: 0x96050d7333B6EcB3A97Ca45e3aBE635709BCa5c0
2026-05-28 06:52:30 - wallet_gen - DEBUG - Generated wallet: 0xB43d25ECD3049479Fd10db84863A7584c3300A0f
2026-05-28 06:52:30 - wallet_gen - DEBUG - Generated wallet: 0x2898B63908078E740B42b1f433277f3a9E8C6436
2026-05-28 06:52:30 - wallet_gen - DEBUG - Generated wallet: 0x7Da8d0220b8429DA737e33297a399de0E43F654a
2026-05-28 06:52:30 - wallet_gen - DEBUG - Generated wallet: 0xB5845F0860A03690213b2255E212B6315C5BF384
2026-05-28 06:52:30 - wallet_gen - DEBUG - Generated wallet: 0x7e3B0c65B50943C51Bcc4b50c25255fBc1c523bd
2026-05-28 06:52:30 - wallet_gen - DEBUG - Generated wallet: 0x1845429127C8Ec21547CC0F7E19E863E8E2d2361
2026-05-28 06:52:30 - wallet_gen - DEBUG - Generated wallet: 0x9B9E498d3FD38176d4b303F08C5DF70D4Fe2b548
2026-05-28 06:52:30 - wallet_gen - DEBUG - Generated wallet: 0x8d4699257110bFb675bf1DffDB447Ec2F2Ea63F7
2026-05-28 06:52:30 - wallet_gen - DEBUG - Generated wallet: 0x16144dc56c6147353Ab97E6c4022B99f3952F059
2026-05-28 06:52:30 - wallet_gen - DEBUG - Generated wallet: 0x0421268a38DeCc294e0aeb82734ED673cDf6180E
2026-05-28 06:52:30 - wallet_gen - DEBUG - Generated wallet: 0x7623963df21Ee307AF1A03243559ed33EdcFc360
2026-05-28 06:52:30 - wallet_gen - DEBUG - Generated wallet: 0x15352f290e72A1191a03004DC447cF68044bCE09
2026-05-28 06:52:30 - wallet_gen - DEBUG - Generated wallet: 0x4B88f46aAa4560e4f60A64EB9DB1b417e126CAE3
2026-05-28 06:52:30 - wallet_gen - DEBUG - Generated wallet: 0x1C3a1E3c72e021d35331D62C152Fa683e51DfAAa
2026-05-28 06:52:30 - wallet_gen - DEBUG - Generated wallet: 0x7E0D967FaB785931888964C9A21ff92A59C17B93
2026-05-28 06:52:30 - wallet_gen - DEBUG - Generated wallet: 0x4DFB0F5AF82F2450937fC291361Cb50bcae5bFA5
2026-05-28 06:52:30 - wallet_gen - DEBUG - Generated wallet: 0xcAd96FCD1885335BecdD31346cDf5a6a50C67267
2026-05-28 06:52:30 - wallet_gen - DEBUG - Generated wallet: 0xE4c00206973a2d510254333c9eF396F111aaCC0D
2026-05-28 06:52:30 - wallet_gen - DEBUG - Generated wallet: 0x65Cf4f9F424768f46f9dDe4F000ce87E40A0C12E
2026-05-28 06:52:30 - wallet_gen - DEBUG - Generated wallet: 0x0Bd8f5E4f83372258dc3a0d1fE4fB2aC1f5f6c50
2026-05-28 06:52:30 - wallet_gen - DEBUG - Generated wallet: 0xD817A8943757af9D58A40993b2Ad2ccab2b1C5a8
2026-05-28 06:52:30 - wallet_gen - DEBUG - Generated wallet: 0x11Ce631329895654Ef0Cb96d301FeDE83F983471
2026-05-28 06:52:30 - wallet_gen - DEBUG - Generated wallet: 0x49e51F0856C4488A8513fe3ED833344fc5f0c6eE
2026-05-28 06:52:30 - wallet_gen - DEBUG - Generated wallet: 0x225Cfcd44Db04912da190f407FD44Abfb8B87f7e
2026-05-28 06:52:30 - wallet_gen - DEBUG - Generated wallet: 0x848Eb7e9E4671C99af66B67286Da2222622d41Fc
2026-05-28 06:52:30 - wallet_gen - DEBUG - Generated wallet: 0xc1df6Bf72932ed7b290D858927890cf229dAEcE9
2026-05-28 06:52:30 - wallet_gen - DEBUG - Generated wallet: 0xa7195B7EF2Fbcf96224a4446A51dB8F0449f7F27
2026-05-28 06:52:30 - wallet_gen - DEBUG - Generated wallet: 0x00Ae81bc68669D3dBdF95fb7b369D09B68d92006
2026-05-28 06:52:30 - wallet_gen - DEBUG - Generated wallet: 0xd74dDF48e608b5102554A147Ec24844B42cDe064
2026-05-28 06:52:30 - wallet_gen - DEBUG - Generated wallet: 0x297D2FB936b47aba0fBe22062e0f103f35eff002
2026-05-28 06:52:30 - wallet_gen - DEBUG - Generated wallet: 0x5B63E6FEB31bD25fb0299c4cB10ADF7bc16A7264
2026-05-28 06:52:30 - wallet_gen - DEBUG - Generated wallet: 0xcA46C0acc3742142981d44629B525007575eaa1C
2026-05-28 06:52:30 - wallet_gen - DEBUG - Generated wallet: 0x011a05Eeeab09ff72315D211A3C03C856b890DF1
2026-05-28 06:52:30 - wallet_gen - DEBUG - Generated wallet: 0x4bB63e700b4DA9278E8ABCB667F5a35BCdAc0BB8
2026-05-28 06:52:30 - wallet_gen - DEBUG - Generated wallet: 0x939eAe013F9112D8698553c4b036ED289187Ca12
2026-05-28 06:52:30 - wallet_gen - DEBUG - Generated wallet: 0xa6BA073fD6CbF1Ad0831409E1fF454dAB9CC4278
2026-05-28 06:52:30 - wallet_gen - DEBUG - Generated wallet: 0x80e807B561e4E6Ec0dA1Dc0A1e9D44A21318aEd5
2026-05-28 06:52:30 - wallet_gen - DEBUG - Generated wallet: 0x74f6e9656c174F0e5b8DC737A040EB19db9fcA4b
2026-05-28 06:52:30 - wallet_gen - DEBUG - Generated wallet: 0x834a5F5f3daF9Be51DD0Dc08a1f1c95f682fa380
2026-05-28 06:52:30 - wallet_gen - DEBUG - Generated wallet: 0x4e131bd9e5d4b2Dd20e42eBBD2034b5769d6918C
2026-05-28 06:52:30 - wallet_gen - DEBUG - Generated wallet: 0x88F51b01C3Da5b5B766dFE462464236e5695D862
2026-05-28 06:52:30 - wallet_gen - DEBUG - Generated wallet: 0xcda66A9fC3c07ECBDbe0217d72A81180cDEeCCD2
2026-05-28 06:52:30 - wallet_gen - DEBUG - Generated wallet: 0xfDDae1B3b0e3501efA6A78d60A15D1b1938bb082
2026-05-28 06:52:30 - wallet_gen - DEBUG - Generated wallet: 0x0cf98da7265550C7602F2Fb0fF555C59e0564bcA
2026-05-28 06:52:30 - wallet_gen - DEBUG - Generated wallet: 0x6b39b86dEd1253E221b2bDAf2B99Fe4e626548d7
2026-05-28 06:52:30 - wallet_gen - DEBUG - Generated wallet: 0xFC7aDDf9F69565ec99EE46e2408EB1929944f561
2026-05-28 06:52:30 - wallet_gen - DEBUG - Generated wallet: 0xB070327324bca1cdCC08bF5d56DE2aFbD2cd73BC
2026-05-28 06:52:30 - wallet_gen - DEBUG - Generated wallet: 0xF0117F2b75a29322ecdd729F62756C8Ca233A3ef
2026-05-28 06:52:30 - wallet_gen - DEBUG - Generated wallet: 0xb5Cc203a9AfDcDc62664933ddc841108C1De20d7
2026-05-28 06:52:30 - wallet_gen - DEBUG - Generated wallet: 0xf619Df80E3bcAbE5b5c5aEEc04548ec9d71A4Aef
2026-05-28 06:52:30 - wallet_gen - DEBUG - Generated wallet: 0xe4b6CCaC37596d1b81BE52678388987aD33C03B4
2026-05-28 06:52:30 - wallet_gen - DEBUG - Generated wallet: 0x8c2EB60d713AE2c172B17114E67E8E2603836B9D
2026-05-28 06:52:30 - wallet_gen - DEBUG - Generated wallet: 0x2C70C3Ec7bbf754F4926b8B05454bCAc4F83A03B
2026-05-28 06:52:30 - wallet_gen - DEBUG - Generated wallet: 0x37299CdCF390EDaC2b258298e346C714cDDE1746
2026-05-28 06:52:30 - wallet_gen - DEBUG - Generated wallet: 0xd38Dc1853CC6B40815B0519e5e78B95A55565d8C
2026-05-28 06:52:30 - wallet_gen - DEBUG - Generated wallet: 0xAE8cC8f24E0b6Fb7039019F6141323A92F8530d1
2026-05-28 06:52:30 - wallet_gen - DEBUG - Generated wallet: 0x197d08834606e219DeB83ff364B36D60724D0332
2026-05-28 06:52:30 - wallet_gen - DEBUG - Generated wallet: 0x21fB187D836DA7c02728645f23E8A5f232A1f535
2026-05-28 06:52:30 - wallet_gen - DEBUG - Generated wallet: 0xAc02A040319b392A476f5E080EC64c29A46d9651
2026-05-28 06:52:30 - wallet_gen - DEBUG - Generated wallet: 0x80803289DCffAD0817a200BC8B1bC781fe0249a9
2026-05-28 06:52:30 - wallet_gen - DEBUG - Generated wallet: 0xaEE29C19E9237DEAD7916a7efa140CF8695d421E
2026-05-28 06:52:30 - wallet_gen - DEBUG - Generated wallet: 0x5D8ca47dEfB70558Da91D65b2535a746E08aDE40
2026-05-28 06:52:30 - wallet_gen - DEBUG - Generated wallet: 0xC0509Fb8eCFAFA59a8233B87d57Ee298CD75f8e4
2026-05-28 06:52:30 - wallet_gen - DEBUG - Generated wallet: 0x28c60EE7a5848cc25c9165fffeA5793500ED6bDD
2026-05-28 06:52:30 - wallet_gen - DEBUG - Generated wallet: 0x1B246176513F7ac138d6ef025fF3d7b9a5AEafCB
2026-05-28 06:52:30 - wallet_gen - DEBUG - Generated wallet: 0xd3Aac384ba747D22f3e8EBd6296B021AD97A2b65
2026-05-28 06:52:30 - wallet_gen - DEBUG - Generated wallet: 0x4489d592e50094681f719C9fAC007EE8d9125C31
2026-05-28 06:52:30 - wallet_gen - DEBUG - Generated wallet: 0x0a4ae62D1E63f8acD54c83EB92260A3E5edABC9D
2026-05-28 06:52:30 - wallet_gen - DEBUG - Generated wallet: 0x96e78B639C6bC6f433f8fc71074568B5CEa612c7
2026-05-28 06:52:30 - wallet_gen - DEBUG - Generated wallet: 0xDa32e388E39F75fa03c0b97C401d297C421647dd
2026-05-28 06:52:30 - wallet_gen - DEBUG - Generated wallet: 0xfaF31BD40121867a037261FCdA0Fe167b17e9fC9
2026-05-28 06:52:30 - wallet_gen - DEBUG - Generated wallet: 0xD36F761871e1159B879F5c04004882B9Be0b84F4
2026-05-28 06:52:30 - wallet_gen - DEBUG - Generated wallet: 0x4aBA7A7a7782c4B8BE59C43C6e82b4560a4B818E
2026-05-28 06:52:30 - wallet_gen - DEBUG - Generated wallet: 0x1FCE5d2D379D8E47bA4ffF3960Df6A1b079818E4
2026-05-28 06:52:30 - wallet_gen - DEBUG - Generated wallet: 0xB58DAee63a8E0e5B3af6b15599B909b4622e39F4
2026-05-28 06:52:30 - wallet_gen - DEBUG - Generated wallet: 0xb41A70e6f1CdD25f538F0B48ab8E1e813FCa53fc
2026-05-28 06:52:30 - wallet_gen - DEBUG - Generated wallet: 0x19F72cCb1fba9Afd3D086ac32100fb60F6f0FFba
2026-05-28 06:52:30 - wallet_gen - DEBUG - Generated wallet: 0xFc0a1da88Aea5dEe0C8AA933cc1A5CD176314B21
2026-05-28 06:52:30 - wallet_gen - DEBUG - Generated wallet: 0x006b16c1dcAF0e335104C6eAFB8F3bf6F1B92d23
2026-05-28 06:52:30 - wallet_gen - DEBUG - Generated wallet: 0x2c22a28601D548E5A5dD56aC5Fad340E50f39c6d
2026-05-28 06:52:30 - wallet_gen - DEBUG - Generated wallet: 0xFc029D05eCae212B9314Ae7ae7b568c3Fd580032
2026-05-28 06:52:30 - wallet_gen - DEBUG - Generated wallet: 0xB68Aa5b37e876F8701A229CC56f182f84f4a72C7
2026-05-28 06:52:30 - wallet_gen - DEBUG - Generated wallet: 0x1f3E5B77455a0787Aa26058d61Ad2522E5cdc766
2026-05-28 06:52:30 - wallet_gen - DEBUG - Generated wallet: 0x7F199fAab598DaD7e0f27c3060351B44e0449d5F
2026-05-28 06:52:30 - wallet_gen - DEBUG - Generated wallet: 0x88d16cD9dAE331946F4E2D63824C6B285da16010
2026-05-28 06:52:30 - wallet_gen - DEBUG - Generated wallet: 0x7E2c52179C60D32E0006fB98C5aa3DFEa0dEAA49
2026-05-28 06:52:30 - wallet_gen - DEBUG - Generated wallet: 0x3ad0Ecc0Be993D4BCFbb5a5c089b2e2De1acb2cd
2026-05-28 06:52:30 - wallet_gen - DEBUG - Generated wallet: 0x5A62679201C05008742673cecBdB99a93dA1028c
2026-05-28 06:52:30 - wallet_gen - DEBUG - Generated wallet: 0xcB08b79538C1B0bd10fC26Fe2cC2909ccf9283dF
2026-05-28 06:52:30 - wallet_gen - DEBUG - Generated wallet: 0x059a8D561F3e77281730eA20EE3Ce356bC700B56
2026-05-28 06:52:30 - wallet_gen - DEBUG - Generated wallet: 0xd3AfC118EE2C7dc1c02025647012E9A918174B48
2026-05-28 06:52:30 - wallet_gen - DEBUG - Generated wallet: 0x5bCFd4B83016913bFAc6D1D18Da25eF4cdd4A37b
2026-05-28 06:52:30 - wallet_gen - DEBUG - Generated wallet: 0x1e21a5cC2156E84B81557E051EBe7e129886b497
2026-05-28 06:52:30 - wallet_gen - DEBUG - Generated wallet: 0x165741c4e69bDFDb2fdd42fF25D73CDEBB9Cd0bD
2026-05-28 06:52:30 - wallet_gen - DEBUG - Generated wallet: 0x8B45F03e36eC2E87337eC39D8990F6a8fc95356d
2026-05-28 06:52:30 - wallet_gen - DEBUG - Generated wallet: 0x69358B06eBf5fD1D36FF51aBAC9e7c23F5D0aa9F
2026-05-28 06:52:30 - wallet_gen - DEBUG - Generated wallet: 0xdF3a965900DA4859AF2bF85527611Bd6492e7ab8
2026-05-28 06:52:30 - wallet_gen - DEBUG - Generated wallet: 0x8B921812a7517ae5D8b0487466a3a8a968f3a159
2026-05-28 06:52:30 - wallet_gen - DEBUG - Generated wallet: 0x7C520b01B3291BD269458dCa605E594ddc42A7fb
2026-05-28 06:52:30 - wallet_gen - DEBUG - Generated wallet: 0x7ba449178E0f6D45646Ae065fcf24d1276F39865
2026-05-28 06:52:30 - wallet_gen - DEBUG - Generated wallet: 0xD4c2f8a67270C675a32F449856cD1502E0f5C622
2026-05-28 06:52:30 - wallet_gen - DEBUG - Generated wallet: 0xacB9821F66393E240Ec5219b7AC49070e0e4B14d
2026-05-28 06:52:30 - wallet_gen - DEBUG - Generated wallet: 0x7988873B3cD41866e430e7a33d77b54D87360b7b
2026-05-28 06:52:30 - wallet_gen - DEBUG - Generated wallet: 0xCe92718BB61351255fcBcFc2D3a9Cc276a19F85d
2026-05-28 06:52:30 - wallet_gen - DEBUG - Generated wallet: 0x0acd7D4B36C959508268Af8BA9092abF3b6C1aE9
2026-05-28 06:52:30 - wallet_gen - DEBUG - Generated wallet: 0x811b66d73aFFac79cCC367DcEFaa9299eA917A7f
2026-05-28 06:52:30 - wallet_gen - DEBUG - Generated wallet: 0x002680ae31B1228bc168402C14E23771Eb322eEd
2026-05-28 06:52:30 - wallet_gen - DEBUG - Generated wallet: 0xaad017DfaA5c72456f18DD998488bc51eEF873D9
2026-05-28 06:52:30 - wallet_gen - DEBUG - Generated wallet: 0x206047560fF02A1Adc6cFE2737f64e95B45B7d95
2026-05-28 06:52:30 - wallet_gen - DEBUG - Generated wallet: 0x5E2BFeb2606EEd251bcfa444da905b4Ce00b2552
2026-05-28 06:52:30 - wallet_gen - DEBUG - Generated wallet: 0xb30FCAaf838d00CacFb8fB676Aad79A614da391e
2026-05-28 06:52:30 - wallet_gen - DEBUG - Generated wallet: 0x99D0E5104dF1F4Ef182E54c38b5F88C2e4BB9D58
2026-05-28 06:52:30 - wallet_gen - DEBUG - Generated wallet: 0x3DD4F2A375A6Dda9E08B6D2926C04Ce6138f6248
2026-05-28 06:52:30 - wallet_gen - DEBUG - Generated wallet: 0x072142F735642f6019Bd8Cf0926DcBF67415F75C
2026-05-28 06:52:30 - wallet_gen - DEBUG - Generated wallet: 0xd568f4355375F3F9b119F83125e5C56cCE2316a6
2026-05-28 06:52:30 - wallet_gen - DEBUG - Generated wallet: 0xe934a1e619445C888907e796675A244528Cc69E6
2026-05-28 06:52:30 - wallet_gen - DEBUG - Generated wallet: 0x7a56aAcCa154E0cC9C5D2bF0a42bAB99A960837a
2026-05-28 06:52:30 - wallet_gen - DEBUG - Generated wallet: 0x8253FC5Ec403803EB4c7Fe788B1Ade900a9e51e7
2026-05-28 06:52:30 - wallet_gen - DEBUG - Generated wallet: 0x86AC3427039b89e8a18FEba8157Eb0B4455ef1fF
2026-05-28 06:52:30 - wallet_gen - DEBUG - Generated wallet: 0xc5A1946809B5D5Ee7b1E27E7A9179D86DaAA7309
2026-05-28 06:52:30 - wallet_gen - DEBUG - Generated wallet: 0x7faa28aDDFc42590329c5616e069Dc7875FA24a7
2026-05-28 06:52:30 - wallet_gen - DEBUG - Generated wallet: 0x53Dd227E9ac747BaC86218e4E9d95fC1Cf8F4524
2026-05-28 06:52:30 - wallet_gen - DEBUG - Generated wallet: 0x0F4d0e0C1C79317CaBA146cFF88016dE2f8350f3
2026-05-28 06:52:30 - wallet_gen - DEBUG - Generated wallet: 0xA9d85756dAE3E516cbe3Bc1c813fAb0b3A0f05B4
2026-05-28 06:52:30 - wallet_gen - DEBUG - Generated wallet: 0xA3CdA368A5FAc16aD9c10ADfB32CF1FB1Fe0d5F9
2026-05-28 06:52:30 - wallet_gen - DEBUG - Generated wallet: 0x8BF1E1C075D3815342DD7eE5eb9d28D9A9C7A736
2026-05-28 06:52:30 - wallet_gen - DEBUG - Generated wallet: 0x2Ee8e5cb9ae898BaC600Fa7d2C39dD550601F55E
2026-05-28 06:52:30 - wallet_gen - DEBUG - Generated wallet: 0x09A51605d254411A42e4406044912fb6ea38E822
2026-05-28 06:52:30 - wallet_gen - DEBUG - Generated wallet: 0xaF61a24D33eC42315676B306afB95373a7403177
2026-05-28 06:52:30 - wallet_gen - DEBUG - Generated wallet: 0x8C284AD807f7b4987eD3fB2754B94C85ee96da61
2026-05-28 06:52:30 - wallet_gen - DEBUG - Generated wallet: 0xF9A0b0C0ABa968535dcCD377dAf652B058B53258
2026-05-28 06:52:30 - wallet_gen - DEBUG - Generated wallet: 0x4A5Cf7033Fe0Fd0a8017AD32dd10aa38BfEb747C
2026-05-28 06:52:30 - wallet_gen - DEBUG - Generated wallet: 0x8a1D470F5C4C818CAAE0dAB9E8996f5A79Ff5e4D
2026-05-28 06:52:30 - wallet_gen - DEBUG - Generated wallet: 0xb822eA2296412faBf349285c42Ebd020E832e05b
2026-05-28 06:52:30 - wallet_gen - DEBUG - Generated wallet: 0x386fF630A64172A00A819Adb5f66523a74D29f28
2026-05-28 06:52:30 - wallet_gen - DEBUG - Generated wallet: 0xd2463748652c5D79adc57F20046595788fD89F26
2026-05-28 06:52:30 - wallet_gen - DEBUG - Generated wallet: 0xc8f7f928a41dA7D97c14dD78fe9991bD63F330DC
2026-05-28 06:52:30 - wallet_gen - DEBUG - Generated wallet: 0x80F451586C761e6CCfACb6bdC66333a9bcFe84Ff
2026-05-28 06:52:30 - wallet_gen - DEBUG - Generated wallet: 0xD29C8BfeD86C5cCfBd91C25eC64A6BEF108F4B3D
2026-05-28 06:52:30 - wallet_gen - DEBUG - Generated wallet: 0x7101588cC99Ed12Ab1099e4D4D979aDaaDa95470
2026-05-28 06:52:30 - wallet_gen - DEBUG - Generated wallet: 0x2d605DFe9CF85133B3fD42DdeE2c04A9bcDA2837
2026-05-28 06:52:30 - wallet_gen - DEBUG - Generated wallet: 0x8791b5A80C374E3D37E978fe2aBee00750A8FAdB
2026-05-28 06:52:30 - wallet_gen - DEBUG - Generated wallet: 0x172c38328e458Ac3D0Ba2402D0f5Af170389cDF2
2026-05-28 06:52:30 - wallet_gen - DEBUG - Generated wallet: 0xEAE5f346a1C36887B3BB37A8ef43211688297FF7
2026-05-28 06:52:30 - wallet_gen - DEBUG - Generated wallet: 0x0202e075D3D0FF2a2Ecb7BFEcA2eC3f28646BD8C
2026-05-28 06:52:30 - wallet_gen - DEBUG - Generated wallet: 0x47E9ab2b99c722935006396706BfB7D82B98d77C
2026-05-28 06:52:30 - wallet_gen - DEBUG - Generated wallet: 0xc58033dA86937E6649d478cf7DE4df7237dF27CC
2026-05-28 06:52:30 - wallet_gen - DEBUG - Generated wallet: 0x40A34eBfb44004e46890C31ae1f162F0a19B7385
2026-05-28 06:52:30 - wallet_gen - DEBUG - Generated wallet: 0xCE579E86A60f72BAb2DeB64e8e294435083FCCA9
2026-05-28 06:52:30 - wallet_gen - DEBUG - Generated wallet: 0x027eD49E94438086214D711Ac0922F7A53373ca2
2026-05-28 06:52:30 - wallet_gen - DEBUG - Generated wallet: 0xB1845Fd464Df99497966CB2ecEAb727d9EA57b4E
2026-05-28 06:52:30 - wallet_gen - DEBUG - Generated wallet: 0xFd11b3080f793cEc344f6552134Ab856Bc511766
2026-05-28 06:52:30 - wallet_gen - DEBUG - Generated wallet: 0xDeA90D54216BAC0E1ad49F25df64191c6129565A
2026-05-28 06:52:30 - wallet_gen - DEBUG - Generated wallet: 0x285E2c449247b37F0498546810713A2188C31b71
2026-05-28 06:52:31 - wallet_gen - DEBUG - Generated wallet: 0xD6678ec277F01Fefd0a0769a804AB239dd981f05
2026-05-28 06:52:31 - wallet_gen - DEBUG - Generated wallet: 0x092c4842021EA2482F147b5D5e5Ad36693Ef2706
2026-05-28 06:52:31 - wallet_gen - DEBUG - Generated wallet: 0x86812b818E6F6111D58fFC1619143202572695f1
2026-05-28 06:52:31 - wallet_gen - DEBUG - Generated wallet: 0xe2D5Fcbcd5e0e0BFb7DcF0FAbaA273E29C6DE389
2026-05-28 06:52:31 - wallet_gen - DEBUG - Generated wallet: 0xE535BE3A4e2AF42F08fFED22c0a519d3fc170067
2026-05-28 06:52:31 - wallet_gen - DEBUG - Generated wallet: 0xfBe41C3E97e533e0c941688Baf2cB4bc1bbBAbF7
2026-05-28 06:52:31 - wallet_gen - DEBUG - Generated wallet: 0xC6EEC982496cAFC80f069746e5824C1E6cdf5fB7
2026-05-28 06:52:31 - wallet_gen - DEBUG - Generated wallet: 0xd604070D9Bb25d5de3a079CD2C708629a258F585
2026-05-28 06:52:31 - wallet_gen - DEBUG - Generated wallet: 0xc85e49D2a2172c39f39Cfc313172A5758a4aADbE
2026-05-28 06:52:31 - wallet_gen - DEBUG - Generated wallet: 0x29e0d71c69b4BbeBCe67C92B334B0AcBED0A1CBf
2026-05-28 06:52:31 - wallet_gen - DEBUG - Generated wallet: 0x15e58d5d3FE0202993aC5D94Ee10A9Ca5b7b4D8F
2026-05-28 06:52:31 - wallet_gen - DEBUG - Generated wallet: 0x98b790b0dbABcCdcBb4d7260f4c7277aDA6a13cf
2026-05-28 06:52:31 - wallet_gen - DEBUG - Generated wallet: 0xe31f55a68D9af8CBe18CB2d191d38eBDCDBa8EF6
2026-05-28 06:52:31 - wallet_gen - DEBUG - Generated wallet: 0x73BC864bf78e17D89f72F5d5Af498A92AFEA6db9
2026-05-28 06:52:31 - wallet_gen - DEBUG - Generated wallet: 0x071c113D3B699a05Fa29f661718a380E9d7750c8
2026-05-28 06:52:31 - wallet_gen - DEBUG - Generated wallet: 0x1Adc94Af36a94F04AC26B02caE4bC158964434d9
2026-05-28 06:52:31 - wallet_gen - DEBUG - Generated wallet: 0xa449E7EbC4027678c14025eC6Fa877415b501274
2026-05-28 06:52:31 - wallet_gen - DEBUG - Generated wallet: 0x398f67162FdB71765a76f8f2bC66E8afDc3d2BDe
2026-05-28 06:52:31 - wallet_gen - DEBUG - Generated wallet: 0x4D97Ab726324eA71D87418EAA28a616d1f23FA74
2026-05-28 06:52:31 - wallet_gen - DEBUG - Generated wallet: 0x9646bdc8639d630741Df26730DD14eabD122CAEC
2026-05-28 06:52:31 - wallet_gen - DEBUG - Generated wallet: 0xc9b1032CbE8172BE0bc6f687be83dfCA3B7D76dD
2026-05-28 06:52:31 - wallet_gen - DEBUG - Generated wallet: 0x51A5dB8f547e70d8a742D060a5368ef176351Dbc
2026-05-28 06:52:31 - wallet_gen - DEBUG - Generated wallet: 0x39DA30d01288F9677eA3710C24C8961f23051eF1
2026-05-28 06:52:31 - wallet_gen - DEBUG - Generated wallet: 0xC7714C4063D4aA5a27b0E111325e44a11a3c13B1
2026-05-28 06:52:31 - wallet_gen - DEBUG - Generated wallet: 0x59c4446A2e556a0429cA1ac60A48D598c9FcDAfa
2026-05-28 06:52:31 - wallet_gen - DEBUG - Generated wallet: 0x57e2CDe8312669944397d3D904B97004b708AdE2
2026-05-28 06:52:31 - wallet_gen - DEBUG - Generated wallet: 0xcF43497eAde46C4E0E83e9715865Bd7f0015FFC6
2026-05-28 06:52:31 - wallet_gen - DEBUG - Generated wallet: 0xf24855202EaA24A2D28acc8b03a298Ca03663d87
2026-05-28 06:52:31 - wallet_gen - DEBUG - Generated wallet: 0x8655AeD9107c0bB6FEe048eb07591e0316e69Dcc
2026-05-28 06:52:31 - wallet_gen - DEBUG - Generated wallet: 0x4841E792c1021697f4B0d7CB848265Fcec25a67C
2026-05-28 06:52:31 - wallet_gen - DEBUG - Generated wallet: 0x2C78b93ac8Aa0cC1192A00E0A36BfBbc0eB1b861
2026-05-28 06:52:31 - wallet_gen - DEBUG - Generated wallet: 0x4740F22061e2F9A6229b72DDad858B510D66e890
2026-05-28 06:52:31 - wallet_gen - DEBUG - Generated wallet: 0xd1EeCFe97631fa28620B3df080035A6F561996f3
2026-05-28 06:52:31 - wallet_gen - DEBUG - Generated wallet: 0xf44f11ed3292705e8894199F7e6926d87a0A1748
2026-05-28 06:52:31 - wallet_gen - DEBUG - Generated wallet: 0x4D3d111798Be9D308b6b00CE9434Eb11897e732e
2026-05-28 06:52:31 - wallet_gen - DEBUG - Generated wallet: 0xADaa913adD24bEe7A3a544a424a21835D354521B
2026-05-28 06:52:31 - wallet_gen - DEBUG - Generated wallet: 0xB6D9b7cD187b27E849731b2dAf740dd2E413ADD9
2026-05-28 06:52:31 - wallet_gen - DEBUG - Generated wallet: 0xC586AED6dE2222C07Fa72Ac2c4C5886153b1C645
2026-05-28 06:52:31 - wallet_gen - DEBUG - Generated wallet: 0x06694C56492667Df73b98Cda55d83f3c82de1242
2026-05-28 06:52:31 - wallet_gen - DEBUG - Generated wallet: 0xaA8AC47E25b9Fe3797eCD33f7eF7d73151244457
2026-05-28 06:52:31 - wallet_gen - DEBUG - Generated wallet: 0x1780747a7e0943F98fcc98d9770519f93818e06d
2026-05-28 06:52:31 - wallet_gen - DEBUG - Generated wallet: 0x401424aDa840cDd59504224384508121998D2925
2026-05-28 06:52:31 - wallet_gen - DEBUG - Generated wallet: 0x50D273ccBC8737C0fe9d8AD7B32b5eBa62b2723d
2026-05-28 06:52:31 - wallet_gen - DEBUG - Generated wallet: 0xf45A95b7A8b249b2F8BA0E9Cf0ce8ae527179d8c
2026-05-28 06:52:31 - wallet_gen - DEBUG - Generated wallet: 0x029Dc62B7C3DaFDd4C38A42a4AaABd156D3312DF
2026-05-28 06:52:31 - wallet_gen - DEBUG - Generated wallet: 0x8EE7fb437A0E31224614d33A1923d2DcB72Cc454
2026-05-28 06:52:31 - wallet_gen - DEBUG - Generated wallet: 0xE1c936Ea997847FB12C4a47962E30Bc37710a41c
2026-05-28 06:52:31 - wallet_gen - DEBUG - Generated wallet: 0x2b6a06c30bba0978904DB07eea7Fcc8c5bA9A1Fb
2026-05-28 06:52:31 - wallet_gen - DEBUG - Generated wallet: 0x178bD3bDC2003032dD219EDC3F89dA8720989882
2026-05-28 06:52:31 - wallet_gen - DEBUG - Generated wallet: 0x42579d90f35A47FE48D35FDFE206D07383685FD7
2026-05-28 06:52:31 - wallet_gen - DEBUG - Generated wallet: 0x216a7218EfC987ac52F46df28BAc1B27b9b196E3
2026-05-28 06:52:31 - wallet_gen - DEBUG - Generated wallet: 0xf835Dd14e8A33655059e239A8fD09EED90a39a28
2026-05-28 06:52:31 - wallet_gen - DEBUG - Generated wallet: 0xeD65739970Ea8b5CB772db61aa3e51695D612f90
2026-05-28 06:52:31 - wallet_gen - DEBUG - Generated wallet: 0x241a52B563A8E768050d090392A391811657850a
2026-05-28 06:52:31 - wallet_gen - DEBUG - Generated wallet: 0x53A4FF9d0b32A5a72A9708c88bf68944521A7B44
2026-05-28 06:52:31 - wallet_gen - DEBUG - Generated wallet: 0x35e54927c4c801e2379A8d958B02cFF9C80D1eb7
2026-05-28 06:52:31 - wallet_gen - DEBUG - Generated wallet: 0xa451225242031ACc370736B124fC60B1F99b1E66
2026-05-28 06:52:31 - wallet_gen - DEBUG - Generated wallet: 0x80A12547e8AF4369EdbC3B357FE296082823667D
2026-05-28 06:52:31 - wallet_gen - DEBUG - Generated wallet: 0x70885e03CbD0924caF04FcEb946aF207b183cd94
2026-05-28 06:52:31 - wallet_gen - DEBUG - Generated wallet: 0x89865B00C9aeb69918087ed1442C04DB7c2362Be
2026-05-28 06:52:31 - wallet_gen - DEBUG - Generated wallet: 0xfF9Ef4110C35673668a2D46bBa749f7F23b10ff0
2026-05-28 06:52:31 - wallet_gen - DEBUG - Generated wallet: 0xE538e2933088FaC63b14Dd34f25b2874A376855e
2026-05-28 06:52:31 - wallet_gen - DEBUG - Generated wallet: 0x479C0A1dB92c8605C12cF5b8379856f449070652
2026-05-28 06:52:31 - wallet_gen - DEBUG - Generated wallet: 0xEE0F3aAa090Fbd57c0248Da76fB41639B3A2a7Bc
2026-05-28 06:52:31 - wallet_gen - DEBUG - Generated wallet: 0xC0b710A6c46A3cD1F30F2d62e8E7D10e4644f218
2026-05-28 06:52:31 - wallet_gen - DEBUG - Generated wallet: 0xCb874585A17260094e49DE15aFB911E88b0c4966
2026-05-28 06:52:31 - wallet_gen - DEBUG - Generated wallet: 0x6F25817e5711d514af522BeA01927920e099DEE8
2026-05-28 06:52:31 - wallet_gen - DEBUG - Generated wallet: 0x5f6b9347C7a21401710eFf0C0FD73Dfa273b823e
2026-05-28 06:52:31 - wallet_gen - DEBUG - Generated wallet: 0x09083d0165FAE627aCB804470679B7b9Ac20D141
2026-05-28 06:52:31 - wallet_gen - DEBUG - Generated wallet: 0xdf03f97AF3D7c06661795c3e838CFaD09E789d5C
2026-05-28 06:52:31 - wallet_gen - DEBUG - Generated wallet: 0x53BAe09479660a039EDa609e57934cC2bfc9DE09
2026-05-28 06:52:31 - wallet_gen - DEBUG - Generated wallet: 0x7d593f3ca9E4CAfBB19d61d6324dE4e62284055b
2026-05-28 06:52:31 - wallet_gen - DEBUG - Generated wallet: 0xFE81bcd89f212073711583D1F3A69FC2FEAAF6a2
2026-05-28 06:52:31 - wallet_gen - DEBUG - Generated wallet: 0xCee7C0c5C1BC7E23D16712A80b3A164135fEF709
2026-05-28 06:52:31 - wallet_gen - DEBUG - Generated wallet: 0x2C5E7c6a5597bC612c3D6d7Eb5c80055634C0a1f
2026-05-28 06:52:31 - wallet_gen - DEBUG - Generated wallet: 0x519d84c1ac9ab60441b49ab782065Ea1FE13EAB2
2026-05-28 06:52:31 - wallet_gen - DEBUG - Generated wallet: 0xfB17409fdfDDa74C3a41ec2D4A3DfFf549904E16
2026-05-28 06:52:31 - wallet_gen - DEBUG - Generated wallet: 0xFd2B03FCa7E8Bb84A4e1d60519B7c06E0ecA62e5
2026-05-28 06:52:31 - wallet_gen - DEBUG - Generated wallet: 0x5b08340F4A912894dc5C285bd6Aad120B3e5763a
2026-05-28 06:52:31 - wallet_gen - DEBUG - Generated wallet: 0xbfA1D3BB86BA622425A4f4D6BBDc7542B5151186
2026-05-28 06:52:31 - wallet_gen - DEBUG - Generated wallet: 0xfAEBe7D6A284c43119FB3128D52a2c2673DE5cd4
2026-05-28 06:52:31 - wallet_gen - DEBUG - Generated wallet: 0xe1A003086a0D24d5115f1a159E6E670fAD08b8Aa
2026-05-28 06:52:31 - wallet_gen - DEBUG - Generated wallet: 0x8f92D89960ea9C90cdF75173Aa798043E0363987
2026-05-28 06:52:31 - wallet_gen - DEBUG - Generated wallet: 0x9d7A915b4E53b8A09720cB65D0E2A8D078aF13B0
2026-05-28 06:52:31 - wallet_gen - DEBUG - Generated wallet: 0x8a9Bd8079beB1eFafC33dFA7ed585A0375b60c14
2026-05-28 06:52:31 - wallet_gen - DEBUG - Generated wallet: 0x2373c331D6D936c2CD07E94B311a8F728cea8264
2026-05-28 06:52:31 - wallet_gen - DEBUG - Generated wallet: 0x8C92Ef2955136CC01b409527ac8462870741534b
2026-05-28 06:52:31 - wallet_gen - DEBUG - Generated wallet: 0x85149cf0971817e4551cDdAE3084eF594eb71b27
2026-05-28 06:52:31 - wallet_gen - DEBUG - Generated wallet: 0xBc2aD453dc85D632547EFaCf6D6e956e8f39a33B
2026-05-28 06:52:31 - wallet_gen - DEBUG - Generated wallet: 0x50c193d128519ef1f5E9ebcc3d041A3aA41cC8fC
2026-05-28 06:52:31 - wallet_gen - DEBUG - Generated wallet: 0xd632574292ac7879BB476b2505D2f70Bd31225c6
2026-05-28 06:52:31 - wallet_gen - DEBUG - Generated wallet: 0x676D413F702982Fc7334B435818c1A3d6E856F86
2026-05-28 06:52:31 - wallet_gen - DEBUG - Generated wallet: 0x51971e67382C6077eb55324D632579CC2c032493
2026-05-28 06:52:31 - wallet_gen - DEBUG - Generated wallet: 0x35eC982D718496e18D66C90dAfFa98165202F321
2026-05-28 06:52:31 - wallet_gen - DEBUG - Generated wallet: 0xc2cCEEa3Ecc2DD0B9ED827821220cEB6035C2620
2026-05-28 06:52:31 - wallet_gen - DEBUG - Generated wallet: 0x2cfF12c92fF62bDE98Ce52082aB67F86c8dF99F2
2026-05-28 06:52:31 - wallet_gen - DEBUG - Generated wallet: 0xA7D4Cf311fD7827A70581B11A641de0Ba8E7275e
2026-05-28 06:52:31 - wallet_gen - DEBUG - Generated wallet: 0xFAF7e6B08DC599de7141ED9d7dcbc0F0dfEebb30
2026-05-28 06:52:31 - wallet_gen - DEBUG - Generated wallet: 0x10DA039f81F5CF7f2A3c31cEf28Af3be2cBff329
2026-05-28 06:52:31 - wallet_gen - DEBUG - Generated wallet: 0x80475cD339D1e15874BD6D2C277e80F4085E5741
2026-05-28 06:52:31 - wallet_gen - DEBUG - Generated wallet: 0x4FC957cF45e9a43191056a4e4FF92DAf0aa0E38a
2026-05-28 06:52:31 - wallet_gen - DEBUG - Generated wallet: 0xB80B672c45034544498CFFDbec116f4d0d2CAAE1
2026-05-28 06:52:31 - wallet_gen - DEBUG - Generated wallet: 0x5292156D1357Fec0D16Dda0148A2b1A4283b35dA
2026-05-28 06:52:31 - wallet_gen - DEBUG - Generated wallet: 0x660107F661b5cDD698A81471D4259DB68A7166AA
2026-05-28 06:52:31 - wallet_gen - DEBUG - Generated wallet: 0x398cEf6E97910ae3B3B3f66339a285419cA59852
2026-05-28 06:52:31 - wallet_gen - DEBUG - Generated wallet: 0xdbbA0706Df3b7241dd6C98559E41180DB27330eF
2026-05-28 06:52:31 - wallet_gen - DEBUG - Generated wallet: 0xf21d0AFEb676eE06D19bC2d9143de0f936483605
2026-05-28 06:52:31 - wallet_gen - DEBUG - Generated wallet: 0x940140f5B96Ce0ECea7A8325Dec8B6dA34f27E24
2026-05-28 06:52:31 - wallet_gen - DEBUG - Generated wallet: 0x8891F1E5f19c450ec7CC558012405cc5F3e46cbf
2026-05-28 06:52:31 - wallet_gen - DEBUG - Generated wallet: 0x5AAe823566644eb48ad7f0b173c21C9d374e9278
2026-05-28 06:52:31 - wallet_gen - DEBUG - Generated wallet: 0xf180be45780E190Cd86c900e4882690498B901BE
2026-05-28 06:52:31 - wallet_gen - DEBUG - Generated wallet: 0x359E134195128AeAAb1607944401B52561A31CF7
2026-05-28 06:52:31 - wallet_gen - DEBUG - Generated wallet: 0xA17ac2BfD17e67A4E3762B83E04b82239b5CBdbD
2026-05-28 06:52:31 - wallet_gen - DEBUG - Generated wallet: 0x8AdfD0123969B9E56309397e8C6f5Ea5050EDE06
2026-05-28 06:52:31 - wallet_gen - DEBUG - Generated wallet: 0xf9C4FcC049506d87C59DF63b6a86C09a818de780
2026-05-28 06:52:31 - wallet_gen - DEBUG - Generated wallet: 0x57Ff7E89D8Bc8DE61b494E3d44b98aCf81410c59
2026-05-28 06:52:31 - wallet_gen - DEBUG - Generated wallet: 0x76C428cBC0DcFb25D4F7E7a350fE0456477459A7
2026-05-28 06:52:31 - wallet_gen - DEBUG - Generated wallet: 0x0bcDf90c3BcdC38252855feB349cB9670F0BC405
2026-05-28 06:52:31 - wallet_gen - DEBUG - Generated wallet: 0x33A5b5bF40d294822d581f03f8F4c453B4e967c3
2026-05-28 06:52:31 - wallet_gen - DEBUG - Generated wallet: 0xE6f1c07288f9fa94d5927d15645046a7D3e81516
2026-05-28 06:52:31 - wallet_gen - DEBUG - Generated wallet: 0x41Ef437B21F3D4D9B2b9D6D269a0B1F3b165A9F8
2026-05-28 06:52:31 - wallet_gen - DEBUG - Generated wallet: 0xD8c789b992f97e2417747De58007D9c4e76344b9
2026-05-28 06:52:31 - wallet_gen - DEBUG - Generated wallet: 0x4438ff5a9e4533D8Afbbda4Ff2abE62651ffe063
2026-05-28 06:52:31 - wallet_gen - DEBUG - Generated wallet: 0x37dECe54f7302F82425bb123C4A57Ac4d504b063
2026-05-28 06:52:31 - wallet_gen - DEBUG - Generated wallet: 0xf1E4eDf6926bB3c7d1160F7e21EAc0A0AD9Ba0B7
2026-05-28 06:52:31 - wallet_gen - DEBUG - Generated wallet: 0x2d51ce492268a747C8026507B8f799Cd257b5888
2026-05-28 06:52:31 - wallet_gen - DEBUG - Generated wallet: 0xbD9f3B61aa9C715D078D09FFF6BC167234dd9DFB
2026-05-28 06:52:31 - wallet_gen - DEBUG - Generated wallet: 0xc03ab5a98326cc2331FCEAe2967A98919BB3DeD0
2026-05-28 06:52:31 - wallet_gen - DEBUG - Generated wallet: 0x5Ef5fDE80ABfF749C19c29e62E9051AeB715796F
2026-05-28 06:52:31 - wallet_gen - DEBUG - Generated wallet: 0x33C9AB629Dd9f541637F835d6DEaD249A1D00347
2026-05-28 06:52:31 - wallet_gen - DEBUG - Generated wallet: 0x48c55569D5e28AF486b417563E30891385315976
2026-05-28 06:52:31 - wallet_gen - DEBUG - Generated wallet: 0x7A29602d3785CA7e0296F6a0AFCCaBae8afF2886
2026-05-28 06:52:31 - wallet_gen - DEBUG - Generated wallet: 0x8040605b28C812fe0C1bcb1062c449782dF8464a
2026-05-28 06:52:31 - wallet_gen - DEBUG - Generated wallet: 0x27236e714fc50e15BD400EB6DfC3D8fC0F69D314
2026-05-28 06:52:31 - wallet_gen - DEBUG - Generated wallet: 0x8Fa39f7B9A3B01cb942EfeF655D0172898286856
2026-05-28 06:52:31 - wallet_gen - DEBUG - Generated wallet: 0x3AC2c5B1990dFfEFAa64d4AC03b5c1646D7fBeAb
2026-05-28 06:52:31 - wallet_gen - DEBUG - Generated wallet: 0x3Ee041E3Afb439B0B40A7f5cafa2ae55FF5Df3f7
2026-05-28 06:52:31 - wallet_gen - DEBUG - Generated wallet: 0x24aa9057c47FF2d56FF946f9FE165c3B19386111
2026-05-28 06:52:31 - wallet_gen - DEBUG - Generated wallet: 0xc478655De85711118EE1110D798609c7CAc2be3d
2026-05-28 06:52:31 - wallet_gen - DEBUG - Generated wallet: 0x91A9dEaa81bfd41f17eB5C006ef7E7371982b463
2026-05-28 06:52:31 - wallet_gen - DEBUG - Generated wallet: 0xeCa42A7eA0Bf980157561FEab263322d3dFc01ee
2026-05-28 06:52:31 - wallet_gen - DEBUG - Generated wallet: 0x658d7A98057E116a51475357D60c372cf037cf36
2026-05-28 06:52:31 - wallet_gen - DEBUG - Generated wallet: 0x513f3909260c782d6117cbe527031FbdF77EA22b
2026-05-28 06:52:31 - wallet_gen - DEBUG - Generated wallet: 0x514dEcD5a27a16ab9c9043094A180088aC0e8D41
2026-05-28 06:52:31 - wallet_gen - DEBUG - Generated wallet: 0x1Ef7C6A7bF244e356A78f05c63afa2DD3b48a1D0
2026-05-28 06:52:31 - wallet_gen - DEBUG - Generated wallet: 0x5bB30Ad6c6e1c446aF62720255Ca9A5A0f2693fe
2026-05-28 06:52:31 - wallet_gen - DEBUG - Generated wallet: 0x4a376ad1089e6BA4C28C629425E122326cDFC253
2026-05-28 06:52:31 - wallet_gen - DEBUG - Generated wallet: 0x96dC4d81D875e8d2b7f463eB4F285E32fD9682a8
2026-05-28 06:52:31 - wallet_gen - DEBUG - Generated wallet: 0xFd5826503064223F4055256D649BFE5c2cc63e5f
2026-05-28 06:52:31 - wallet_gen - DEBUG - Generated wallet: 0x345768B19Ba1df5Eb5c956b7d100D794f57afDC9
2026-05-28 06:52:31 - wallet_gen - DEBUG - Generated wallet: 0x08Ad79f576c9b7eF0c2dd7CeB73BFBBcfAc8Db60
2026-05-28 06:52:31 - wallet_gen - DEBUG - Generated wallet: 0xBD5e33794e02dd7b296302d440d7A92726cab1Af
2026-05-28 06:52:31 - wallet_gen - DEBUG - Generated wallet: 0x1D6E9E03B3bA67De600d95C1DD39755A842581e5
2026-05-28 06:52:31 - wallet_gen - DEBUG - Generated wallet: 0x708c9a79B0307D99d6a698DFEe3f7D5D0B154383
2026-05-28 06:52:31 - wallet_gen - DEBUG - Generated wallet: 0xC0F0E96EFA4f3564d4394fF3C3e3d1681AC1a619
2026-05-28 06:52:31 - wallet_gen - DEBUG - Generated wallet: 0xe6FeBeC394F791595f275387a2311cD9f5EB443b
2026-05-28 06:52:31 - wallet_gen - DEBUG - Generated wallet: 0xC89CD3705F1b2fA2651E5DA948640CF9A7fe7F9E
2026-05-28 06:52:31 - wallet_gen - DEBUG - Generated wallet: 0xaabc7d203F5bDC40E553675F655FCD66EDD0Bcce
2026-05-28 06:52:31 - wallet_gen - DEBUG - Generated wallet: 0xf68b307C2F0ce90ea6B72Efa520063FA8224C8B1
2026-05-28 06:52:31 - wallet_gen - DEBUG - Generated wallet: 0x5620D228d262aAe2291092Ae5e6e69782977589a
2026-05-28 06:52:31 - wallet_gen - DEBUG - Generated wallet: 0xC352307bd4732800bb8F80E1290326e495e60616
2026-05-28 06:52:31 - wallet_gen - DEBUG - Generated wallet: 0x4F2667c2321Af3838F9dF8075B454e22858fe183
2026-05-28 06:52:31 - wallet_gen - DEBUG - Generated wallet: 0x8fbD29e57DA4b4e7b527eaf014940a23C1B27C7c
2026-05-28 06:52:31 - wallet_gen - DEBUG - Generated wallet: 0xc68Cf356F8C7d8A40d73B22E58D430A640339a5a
2026-05-28 06:52:31 - wallet_gen - DEBUG - Generated wallet: 0x336BdD4753c2E64E732720eb66230ED1D0021090
2026-05-28 06:52:31 - wallet_gen - DEBUG - Generated wallet: 0x384a1aFd690712D5CAF8F5B7cC2F2AEd799a3124
2026-05-28 06:52:31 - wallet_gen - DEBUG - Generated wallet: 0xd46c5c9935e17451c6D41296767d02d37Add64E5
2026-05-28 06:52:31 - wallet_gen - DEBUG - Generated wallet: 0x42A956A326BBe4515fabB0e12Fd9BaA5aCaa1cc3
2026-05-28 06:52:31 - wallet_gen - DEBUG - Generated wallet: 0x2154EFbD9840FEBc364915588B1ACD38AA4c62Ed
2026-05-28 06:52:31 - wallet_gen - DEBUG - Generated wallet: 0x02B3989edADD0A82f5Da098133eFF0773DBC47c8
2026-05-28 06:52:31 - wallet_gen - DEBUG - Generated wallet: 0xe55439c52502B385a4D6a0d667b7359c9840A915
2026-05-28 06:52:31 - wallet_gen - DEBUG - Generated wallet: 0xA6de60cF5782BF92B7Ef524f9A2066C80373c540
2026-05-28 06:52:31 - wallet_gen - DEBUG - Generated wallet: 0xC28f5343dd3979a2533aa13D974328c940228688
2026-05-28 06:52:31 - wallet_gen - DEBUG - Generated wallet: 0x4187F2ba607ca8B682756D435aa438b4208C32DD
2026-05-28 06:52:31 - wallet_gen - DEBUG - Generated wallet: 0x2ce4e32E4F2EA4f8995796F57aC068dD82C36c00
2026-05-28 06:52:31 - wallet_gen - DEBUG - Generated wallet: 0x0Bba8c9CcB641b205466e6a3Dff4EA7371Ce7154
2026-05-28 06:52:31 - wallet_gen - DEBUG - Generated wallet: 0x6651f3accB1FcF0A5dB140BD4055534E5Fc32964
2026-05-28 06:52:31 - wallet_gen - DEBUG - Generated wallet: 0x41b4C3082B6Bae6E43fEc2600ADa40106E5085D4
2026-05-28 06:52:31 - wallet_gen - DEBUG - Generated wallet: 0xE1F699d1e28fAf4c62AF148259DC4aAf9aF74f3C
2026-05-28 06:52:31 - wallet_gen - DEBUG - Generated wallet: 0xF4d8B2A0f7cE033e8e117964cdbCfa5621e2AbFC
2026-05-28 06:52:31 - wallet_gen - DEBUG - Generated wallet: 0xb724C31D76c12321d08410D07a471dfAaE775BE3
2026-05-28 06:52:31 - wallet_gen - DEBUG - Generated wallet: 0x0Ed568FAdb32200B32625cFD56AF642363BB712c
2026-05-28 06:52:31 - wallet_gen - DEBUG - Generated wallet: 0x3f280967fEDf70420430dF1B6E3d37FB5d60cbF7
2026-05-28 06:52:31 - wallet_gen - DEBUG - Generated wallet: 0x0b6E33bb36a95e8679Dd91e2faE5Ec530e3e99Bd
2026-05-28 06:52:31 - wallet_gen - DEBUG - Generated wallet: 0xF0476962Ca52191865e7B528d063cAB98d158aDa
2026-05-28 06:52:31 - wallet_gen - DEBUG - Generated wallet: 0xA0506baE67b40477BbF2943328fD93bB23a1e02e
2026-05-28 06:52:31 - wallet_gen - DEBUG - Generated wallet: 0x7D83848B282b0B187A09aF4C4B81DE5CcC194C8d
2026-05-28 06:52:31 - wallet_gen - DEBUG - Generated wallet: 0xa853BEBcF49768eA1623035B08EcA8399c29ff77
2026-05-28 06:52:31 - wallet_gen - DEBUG - Generated wallet: 0x917424Bb49Abf1eEcCBF546cfa11E35779580fC5
2026-05-28 06:52:31 - wallet_gen - DEBUG - Generated wallet: 0xD6F0f8441CFDE16E59F814216ef6b42aA3BA46C1
2026-05-28 06:52:31 - wallet_gen - DEBUG - Generated wallet: 0x777787785DD8b1Fb2d0B7C5A1CfEF03BFcb7Ab0C
2026-05-28 06:52:31 - wallet_gen - DEBUG - Generated wallet: 0x8DF1d2C05dFa3c20fD8F5604C17172F6Afc3b734
2026-05-28 06:52:31 - wallet_gen - DEBUG - Generated wallet: 0xC1FE1F6294A11993E2508417F4c855b9c5f82d59
2026-05-28 06:52:31 - wallet_gen - DEBUG - Generated wallet: 0x5ee9c13618D5C1e93a688697B1Fc34Cf0316add1
2026-05-28 06:52:31 - wallet_gen - DEBUG - Generated wallet: 0x714Ccd126C7Ef3D3B11BAF38eaBA6a5c42Ec9b45
2026-05-28 06:52:31 - wallet_gen - DEBUG - Generated wallet: 0xbD5f4412E75E0576368cA1647211eE05F53F3939
2026-05-28 06:52:31 - wallet_gen - DEBUG - Generated wallet: 0x44eE4FdC2857c6E8391B24370Fa66FC7911730f9
2026-05-28 06:52:31 - wallet_gen - DEBUG - Generated wallet: 0x07F51e7290D013D3221B49c2731065335d76FD58
2026-05-28 06:52:31 - wallet_gen - DEBUG - Generated wallet: 0x80767cB57d2C9F3f726E5D58034aF93603DD3D28
2026-05-28 06:52:31 - wallet_gen - DEBUG - Generated wallet: 0x4839620cB4B971475080C08658448317e3f61a83
2026-05-28 06:52:31 - wallet_gen - DEBUG - Generated wallet: 0x4182C1f19011Bb72fd1A5907fbf525020d3659DE
2026-05-28 06:52:31 - wallet_gen - DEBUG - Generated wallet: 0x24402ac5fD6d9a1e8902A7a6aEC5F6F99F6E0577
2026-05-28 06:52:31 - wallet_gen - DEBUG - Generated wallet: 0x0BFeA73A6DDb28F382C42A42d857bbd9E871DB1B
2026-05-28 06:52:31 - wallet_gen - DEBUG - Generated wallet: 0xfCD1230fC1d0eDadA9f1903C238fc21584C3BcFD
2026-05-28 06:52:31 - wallet_gen - DEBUG - Generated wallet: 0x76986B330602592CFeC931C352e6E398eDb12d7B
2026-05-28 06:52:31 - wallet_gen - DEBUG - Generated wallet: 0xeEb2F3c276865537933B1db6bFD2d927cfe02b7c
2026-05-28 06:52:31 - wallet_gen - DEBUG - Generated wallet: 0xE28003EC9e44c0b695F4C0cc4c8Bfe687a63D55a
2026-05-28 06:52:31 - wallet_gen - DEBUG - Generated wallet: 0xeF920DEdE880AFDA2fA51134A47537175f35263C
2026-05-28 06:52:31 - wallet_gen - DEBUG - Generated wallet: 0x5278d7E5c56f29A6E6860b6620D4a243925A848B
2026-05-28 06:52:31 - wallet_gen - DEBUG - Generated wallet: 0x6cbf339d4d6f8A2aB1A0190dc5BA8238eD3E0e93
2026-05-28 06:52:31 - wallet_gen - DEBUG - Generated wallet: 0xA7D347d3EFaba65E9e22De075cAF3Ec8Dc9c4187
2026-05-28 06:52:31 - wallet_gen - DEBUG - Generated wallet: 0x6c2df80241f241b27D01795dD9fD33069daF60EC
2026-05-28 06:52:31 - wallet_gen - DEBUG - Generated wallet: 0x0014e9BF18B62567724Ab342d723EcEbc4853F71
2026-05-28 06:52:31 - wallet_gen - DEBUG - Generated wallet: 0x3B8E7A6753a8E59BA88A0431cc8400217C28c365
2026-05-28 06:52:31 - wallet_gen - DEBUG - Generated wallet: 0x53B8bB376d2F4181bf3413B5200A2Bb1a4dC9d11
2026-05-28 06:52:31 - wallet_gen - DEBUG - Generated wallet: 0x33e922CEc37630680777169Bb10392823c5408E2
2026-05-28 06:52:31 - wallet_gen - DEBUG - Generated wallet: 0xBbcc085C5b3fC67Af35faB2aCb6CdB81bB8649b3
2026-05-28 06:52:31 - wallet_gen - DEBUG - Generated wallet: 0x82e62E6514109DF07D2207D94cAE41c72c58ac50
2026-05-28 06:52:31 - wallet_gen - DEBUG - Generated wallet: 0x5850210a0166fCeB62f424123d0b50983FEac01b
2026-05-28 06:52:31 - wallet_gen - DEBUG - Generated wallet: 0x1fFb9B3930616870Dd9158dfde35c0BB83652557
2026-05-28 06:52:31 - wallet_gen - DEBUG - Generated wallet: 0xF0b39b6823503600804c96D08c9549D9B2e49Be5
2026-05-28 06:52:31 - wallet_gen - DEBUG - Generated wallet: 0x771a790b35412d6f49D9b89075F9A711250db894
2026-05-28 06:52:31 - wallet_gen - DEBUG - Generated wallet: 0x07230E6A040A1F2a08Dfc805C145E3d7BA9A636C
2026-05-28 06:52:31 - wallet_gen - DEBUG - Generated wallet: 0x3226e8C3eDDA9Ca3Ef9f9e5dbE4e9dc454629361
2026-05-28 06:52:31 - wallet_gen - DEBUG - Generated wallet: 0x446670eC42Ffb092748421C2025cC2C7A41B81F2
2026-05-28 06:52:31 - wallet_gen - DEBUG - Generated wallet: 0xf7E125ba3B4401266eE91143aF9cB88bcA9291F2
2026-05-28 06:52:31 - wallet_gen - DEBUG - Generated wallet: 0x06c56558a88649BBe225E28F5a6F9fAD80FceBA2
2026-05-28 06:52:31 - wallet_gen - DEBUG - Generated wallet: 0x52E06a318ed83F0E73b17F5264d750a0bDe4346C
2026-05-28 06:52:31 - wallet_gen - DEBUG - Generated wallet: 0xD02A32C2527D80d73B8Fb42afF07917FC652B127
2026-05-28 06:52:31 - wallet_gen - DEBUG - Generated wallet: 0xc9559959918517bB1672e15fB10555D054D06668
2026-05-28 06:52:31 - wallet_gen - DEBUG - Generated wallet: 0x64B6eA3eD47eA371d3F9C449632Ab76B97588Fd7
2026-05-28 06:52:31 - wallet_gen - DEBUG - Generated wallet: 0xb68Fe2c822D7E852D8375F2e536C07D2A7A0fc09
2026-05-28 06:52:31 - wallet_gen - DEBUG - Generated wallet: 0xa8efcC462e0c64D55A0AA43Cb45C0bEC363E35aF
2026-05-28 06:52:31 - wallet_gen - DEBUG - Generated wallet: 0x8Afc7476AD3d29e318E49Fdca33aDaaEfCe3B292
2026-05-28 06:52:31 - wallet_gen - DEBUG - Generated wallet: 0x91dA51F90980C22e93cb69c6d76F437aE64066Fa
2026-05-28 06:52:31 - wallet_gen - DEBUG - Generated wallet: 0x61e092Bf8F9871248Cd32C1bBE8C8A4205ab7CeB
2026-05-28 06:52:31 - wallet_gen - DEBUG - Generated wallet: 0xBD41EBFb9E97F076067622fb90BDF4DCc72Ad4cb
2026-05-28 06:52:31 - wallet_gen - DEBUG - Generated wallet: 0x7E424C8Acf9133308f536bB22416e094ca071B51
2026-05-28 06:52:31 - wallet_gen - DEBUG - Generated wallet: 0x774a4EADbF2E6a5DE6Bc518BEBDdeA12356fdaB9
2026-05-28 06:52:31 - wallet_gen - DEBUG - Generated wallet: 0x5867ca164Cb952fCD42A6d1b58e8d2CC71a91dB5
2026-05-28 06:52:31 - wallet_gen - DEBUG - Generated wallet: 0xdfA12D5c919533f42890f2b9C1090E69c9987045
2026-05-28 06:52:31 - wallet_gen - DEBUG - Generated wallet: 0x43A78b4638ffa0EF03af16FE458407a8d0f234EE
2026-05-28 06:52:31 - wallet_gen - DEBUG - Generated wallet: 0x8A5E5Bef5ce4a24DbB56B39Fc980A1e80ED5bcBb
2026-05-28 06:52:31 - wallet_gen - DEBUG - Generated wallet: 0x27EB67e244254941e25711f50825184D39a44b8F
2026-05-28 06:52:31 - wallet_gen - DEBUG - Generated wallet: 0xCd88987D726aC4250556D9fF0e50849b18ED4295
2026-05-28 06:52:31 - wallet_gen - DEBUG - Generated wallet: 0x17f1aA4E1ED73B2EAB7C3F1D0467A401c311c708
2026-05-28 06:52:31 - wallet_gen - DEBUG - Generated wallet: 0x0724547e61A38188B5FD883fB69C12c93100a08C
2026-05-28 06:52:31 - wallet_gen - DEBUG - Generated wallet: 0x2178D75b21369181A41750F89abA1C485b64deC7
2026-05-28 06:52:31 - wallet_gen - DEBUG - Generated wallet: 0x88895F78295F722013068a6E9D9920870E5D018A
2026-05-28 06:52:31 - wallet_gen - DEBUG - Generated wallet: 0x86876508954af138788d25989597Ecf2F1B150b6
2026-05-28 06:52:31 - wallet_gen - DEBUG - Generated wallet: 0x840b582BCFEc046cd1af25Ba27e2BA0a58c4CACF
2026-05-28 06:52:31 - wallet_gen - DEBUG - Generated wallet: 0xf49dd395213FaB1A2Fb27330f35B0e1825A9e064
2026-05-28 06:52:31 - wallet_gen - DEBUG - Generated wallet: 0xb7eDF3b315a86DDEdf7E7E8F4a095Ab525eEC01B
2026-05-28 06:52:31 - wallet_gen - DEBUG - Generated wallet: 0x4aAf2aC2b1754F897CfE7cF5262BD696265aA557
2026-05-28 06:52:31 - wallet_gen - DEBUG - Generated wallet: 0x0125f84289A7D19B8842e658d5d75915B5256c83
2026-05-28 06:52:31 - wallet_gen - DEBUG - Generated wallet: 0x553966BD1e51FDe44FABB8ae43D93C9D52F6159b
2026-05-28 06:52:31 - wallet_gen - DEBUG - Generated wallet: 0x90587786D6D36A02660087dDA60A4A0CE0101b55
2026-05-28 06:52:31 - wallet_gen - DEBUG - Generated wallet: 0x2e239882f0Ce7E0280ecd41835f696721e8a18c7
2026-05-28 06:52:31 - wallet_gen - DEBUG - Generated wallet: 0x09454C2fF060F0f35921cf4920f7E63993653dDE
2026-05-28 06:52:31 - wallet_gen - DEBUG - Generated wallet: 0x34A52e779447760AD0F0E4723D9D1d16B66F5a1a
2026-05-28 06:52:31 - wallet_gen - DEBUG - Generated wallet: 0xE5D3f8e73cC44789c52a2f60F9bebA3E7F8ceb55
2026-05-28 06:52:31 - wallet_gen - DEBUG - Generated wallet: 0x74f3A3f10aa052BE31d1c2892A33f2b2D4Dc08BC
2026-05-28 06:52:31 - wallet_gen - DEBUG - Generated wallet: 0x95dDF07f2E1126e39c8b1243D7C7edaaaCb2eD7d
2026-05-28 06:52:31 - wallet_gen - DEBUG - Generated wallet: 0xf33850bF78CA236360143c170788B725d6a5BbA6
2026-05-28 06:52:31 - wallet_gen - DEBUG - Generated wallet: 0xea044d9dBbbc1a4A4f3592116d8004B6A47B9A15
2026-05-28 06:52:31 - wallet_gen - DEBUG - Generated wallet: 0xc3a6E212152CDC700cD261e06B1cacC51E6e07C0
2026-05-28 06:52:31 - wallet_gen - DEBUG - Generated wallet: 0x55451567d6eEB23a41d9D453D21643FCD93d5B82
2026-05-28 06:52:31 - wallet_gen - DEBUG - Generated wallet: 0x52101b7Dca928B32009244acCa8d74041721Ca5c
2026-05-28 06:52:31 - wallet_gen - DEBUG - Generated wallet: 0x51460e90e2516C64ff25EAa4aCD58D0fA5293f48
2026-05-28 06:52:31 - wallet_gen - DEBUG - Generated wallet: 0x42e309Df96299E6d19CaA3FFccE6398C6b142aBf
2026-05-28 06:52:31 - wallet_gen - DEBUG - Generated wallet: 0xd86DEfaB05dAfAae930D01B4631070Ec0c359Eb5
2026-05-28 06:52:31 - wallet_gen - DEBUG - Generated wallet: 0x59c33e4827B0c489388d1F72C964F4b28F36b8c4
2026-05-28 06:52:31 - wallet_gen - DEBUG - Generated wallet: 0x4E13E86942C6Cca7aa9A36975976BE724FB6D094
2026-05-28 06:52:31 - wallet_gen - DEBUG - Generated wallet: 0x9D12BdAE1AC7e6E5aa4E6BdE73BEf7Dc4AD1d811
2026-05-28 06:52:31 - wallet_gen - DEBUG - Generated wallet: 0xb3A03e80D96a0e2B935A589A1c5E34e1DE7593Df
2026-05-28 06:52:31 - wallet_gen - DEBUG - Generated wallet: 0x4061b670b9a92b4E9a943262cF05df8646613A38
2026-05-28 06:52:31 - wallet_gen - DEBUG - Generated wallet: 0x26dAD9D5095E0ac52626Ca5e84f55A8bF11E5596
2026-05-28 06:52:31 - wallet_gen - DEBUG - Generated wallet: 0x753ecce2e5098f422701AC56f0f0aA84250fF214
2026-05-28 06:52:31 - wallet_gen - DEBUG - Generated wallet: 0x2933e63b143379c4F60CabaC528cF1639f2312e0
2026-05-28 06:52:31 - wallet_gen - DEBUG - Generated wallet: 0x6A3E69F211Bd9e0E1916Dcb0f3fc5eCf45a2fa53
2026-05-28 06:52:31 - wallet_gen - DEBUG - Generated wallet: 0x21f93231Fa69EdD7E5E1125581C018826F5d1693
2026-05-28 06:52:31 - wallet_gen - DEBUG - Generated wallet: 0x653b29A9b3681848C62D6FF76207B25cAdfb96F5
2026-05-28 06:52:31 - wallet_gen - DEBUG - Generated wallet: 0x4c0D336D45a18075715DB7185e4Ddb612D47E7d1
2026-05-28 06:52:31 - wallet_gen - DEBUG - Generated wallet: 0xE4e1097a8d6021771149F3c9D08066157464d0c2
2026-05-28 06:52:31 - wallet_gen - DEBUG - Generated wallet: 0xEb14562eB71D1E444534B4223B08642E079C4B69
2026-05-28 06:52:31 - wallet_gen - DEBUG - Generated wallet: 0x65880D49DC4F95680C3bF098b1818b3DCF578966
2026-05-28 06:52:31 - wallet_gen - DEBUG - Generated wallet: 0x09cCC04D28AbE5d181aeD3B48869A91A0854A950
2026-05-28 06:52:31 - wallet_gen - DEBUG - Generated wallet: 0x79C6229A106cde051191542E4b210d3635009f51
2026-05-28 06:52:31 - wallet_gen - DEBUG - Generated wallet: 0xbc19471Ac1485f11e656755E6AcD1E37742f46dF
2026-05-28 06:52:31 - wallet_gen - DEBUG - Generated wallet: 0x514CEf63f954211A036B7230bE07d07493eA602c
2026-05-28 06:52:31 - wallet_gen - DEBUG - Generated wallet: 0x71802bdB7602AF288cacC8D2855606dA496C22ea
2026-05-28 06:52:31 - wallet_gen - DEBUG - Generated wallet: 0xAC5137e82d190c66830B6E087319f9A015eE5849
2026-05-28 06:52:31 - wallet_gen - DEBUG - Generated wallet: 0x2f7A71d999ff18c1ac52eD906dB02bA12a3dD35C
2026-05-28 06:52:31 - wallet_gen - DEBUG - Generated wallet: 0xf3D08347E7A2CFe7E3a210b80179F0bB42e620aa
2026-05-28 06:52:31 - wallet_gen - DEBUG - Generated wallet: 0x59462747B36578109B60e258D0eB3e1936413397
2026-05-28 06:52:31 - wallet_gen - DEBUG - Generated wallet: 0x82b667765A4684319C947d90ed1D575ea405aD1b
2026-05-28 06:52:31 - wallet_gen - DEBUG - Generated wallet: 0xf3145AEdc97a8da1809a7157D28015191F267518
2026-05-28 06:52:31 - wallet_gen - DEBUG - Generated wallet: 0x393d7264b57a809Bb9713dBC15ebA50Fbf24ea78
2026-05-28 06:52:31 - wallet_gen - DEBUG - Generated wallet: 0xD9964f702C140be4e71D0b937104f2bed103B737
2026-05-28 06:52:31 - wallet_gen - DEBUG - Generated wallet: 0xDb25443601382BBDb0F46988a9Cc30B8bc8e6bBc
2026-05-28 06:52:31 - wallet_gen - DEBUG - Generated wallet: 0x2717C962a2d03cCB74e2BeB526a2d5130fd39A25
2026-05-28 06:52:31 - wallet_gen - DEBUG - Generated wallet: 0x512905AA9730A7526BE761DeefeC45454555785c
2026-05-28 06:52:31 - wallet_gen - DEBUG - Generated wallet: 0xB0396c1a3fC4eF22f4A8e9330d6696fF65e11013
2026-05-28 06:52:31 - wallet_gen - DEBUG - Generated wallet: 0x5c6c330263103B6D0D0212a346706f8A3c834981
2026-05-28 06:52:31 - wallet_gen - DEBUG - Generated wallet: 0x02583ED2DB2eb5e7545d5Fe3092E60A854Bedf79
2026-05-28 06:52:31 - wallet_gen - DEBUG - Generated wallet: 0x6d53F90e9fd005CBB661A41fB4f97AD494cCa9d4
2026-05-28 06:52:31 - wallet_gen - DEBUG - Generated wallet: 0x557eFDCb51ec8317f7917F6A851B51f934Eb194d
2026-05-28 06:52:31 - wallet_gen - DEBUG - Generated wallet: 0x82e4B81257F765FBccA34417fdF20329a27D8ca0
2026-05-28 06:52:31 - wallet_gen - DEBUG - Generated wallet: 0x77530DF1B947F38325B34fc8bc8cBd2c7e5388Ff
2026-05-28 06:52:31 - wallet_gen - DEBUG - Generated wallet: 0x4999e85ee379dF70Fe5Bd4f562c58F13cC56F499
2026-05-28 06:52:31 - wallet_gen - DEBUG - Generated wallet: 0xE3d749D77dac0D93818dd725D4bB4809A63AFF21
2026-05-28 06:52:31 - wallet_gen - DEBUG - Generated wallet: 0x3CBac5b8E93dd53aEcD6E5459F84d2906009D893
2026-05-28 06:52:31 - wallet_gen - DEBUG - Generated wallet: 0x4403D377Af658A1E80f777a9a60791C1a7Ef6F3b
2026-05-28 06:52:31 - wallet_gen - DEBUG - Generated wallet: 0x6507668DC01e4343AD0664a52cfE8f635A37bf2E
2026-05-28 06:52:31 - wallet_gen - DEBUG - Generated wallet: 0x522FcF6d3879be6aF8658408885B3bE5724650F1
2026-05-28 06:52:31 - wallet_gen - DEBUG - Generated wallet: 0xc7c5062639298cE736DC646fE954501cAEf9c0E0
2026-05-28 06:52:31 - wallet_gen - DEBUG - Generated wallet: 0x654ab89deeE5e1170946Add4204E7b5F130fe09a
2026-05-28 06:52:31 - wallet_gen - DEBUG - Generated wallet: 0xfA63719B920888e8820115178A05D217a3779F31
2026-05-28 06:52:31 - wallet_gen - DEBUG - Generated wallet: 0xCA9C10906474C7562adC60bCF2b946ec36029165
2026-05-28 06:52:31 - wallet_gen - DEBUG - Generated wallet: 0x1a1737ced797960049D7717B2240177e2604A3B7
2026-05-28 06:52:31 - wallet_gen - DEBUG - Generated wallet: 0xb549D08692dc9484De44d9436820BFc6C8d2De50
2026-05-28 06:52:31 - wallet_gen - DEBUG - Generated wallet: 0xC4C230C34d663225ff2a0238F4a32aBc3f62c5b3
2026-05-28 06:52:31 - wallet_gen - DEBUG - Generated wallet: 0xc9A53E028B93451D90D089f3A831Ad110dC88EfD
2026-05-28 06:52:31 - wallet_gen - DEBUG - Generated wallet: 0xf7C3B28BF45A9F39a0166a7Cbee98463917d7500
2026-05-28 06:52:31 - wallet_gen - DEBUG - Generated wallet: 0xeb007509fD1EFc8CfEC84F8CAA1e9c246B3406EA
2026-05-28 06:52:31 - wallet_gen - DEBUG - Generated wallet: 0xa2f4c914a79Bb31aDeeC28Da825a3128cfca22A2
2026-05-28 06:52:31 - wallet_gen - DEBUG - Generated wallet: 0xA3260EEA992B6a72680D1a6A7C21F357a6dA92Ac
2026-05-28 06:52:31 - wallet_gen - DEBUG - Generated wallet: 0xc59310d552d6458C277a08D44B8583FF8B642BE5
2026-05-28 06:52:31 - wallet_gen - DEBUG - Generated wallet: 0x7801796cBD62Fb1D94a0d10B901616dc7Ae433DA
2026-05-28 06:52:31 - wallet_gen - DEBUG - Generated wallet: 0x8B8Eb968f198dB648cC50F74B52F772f79422e6A
2026-05-28 06:52:31 - wallet_gen - DEBUG - Generated wallet: 0x57EA1e65D458fbfDF43caf5F7cE883ab0d5a3f52
2026-05-28 06:52:31 - wallet_gen - DEBUG - Generated wallet: 0x371D7c2B9821BD4935ced7206Ad23d0b39df329d
2026-05-28 06:52:31 - wallet_gen - DEBUG - Generated wallet: 0x7775858B08737DF317Daaa328d379a7DD0D9a752
2026-05-28 06:52:31 - wallet_gen - DEBUG - Generated wallet: 0xE42e401A5D24e87C5f14a3D2195463cf653ceEf1
2026-05-28 06:52:31 - wallet_gen - DEBUG - Generated wallet: 0xD6A82fFB9437345955e9BBbc1e3FBBCE315B5eC1
2026-05-28 06:52:31 - wallet_gen - DEBUG - Generated wallet: 0x45c752E703b3991Cc2FcA1d98A8Ee12BE8321214
2026-05-28 06:52:31 - wallet_gen - DEBUG - Generated wallet: 0x8004233e4e84868B7ee1bE65b750e67DF39c7AC5
2026-05-28 06:52:31 - wallet_gen - DEBUG - Generated wallet: 0xb2DF4368A64344881C815CFfe44054A7EbE2503C
2026-05-28 06:52:31 - wallet_gen - DEBUG - Generated wallet: 0x051F6E471E7D12206a4AA48D1a587d07a127aBf8
2026-05-28 06:52:31 - wallet_gen - DEBUG - Generated wallet: 0xf0DE5e77D3aA0D9288f7FDB8768d97C8197C5435
2026-05-28 06:52:31 - wallet_gen - DEBUG - Generated wallet: 0x5e8Cb913d912091a2A2Ed1Ea9f25793Fd12c7a72
2026-05-28 06:52:31 - wallet_gen - DEBUG - Generated wallet: 0x3200C5aD1A9b74605d3F176166D247c5aB2D7489
2026-05-28 06:52:31 - wallet_gen - DEBUG - Generated wallet: 0x3c261d22daca00273dF42d1d9980b9Fe31aA98d0
2026-05-28 06:52:31 - wallet_gen - DEBUG - Generated wallet: 0xa03dEd8b568Cb976eCc67bC260e2f5d8f27a630f
2026-05-28 06:52:31 - wallet_gen - DEBUG - Generated wallet: 0x3873be7824681dC8bB186A374C05631fb4f75abb
2026-05-28 06:52:31 - wallet_gen - DEBUG - Generated wallet: 0xf4424575eca9D736c3E22ad71A58eE750a3f7d46
2026-05-28 06:52:31 - wallet_gen - DEBUG - Generated wallet: 0xC96Df756227261396b4A33EA022ad610c9f317e6
2026-05-28 06:52:31 - wallet_gen - DEBUG - Generated wallet: 0x49cc63FcA41fc091DD56d899608FCd6bC0fccBf2
2026-05-28 06:52:31 - wallet_gen - DEBUG - Generated wallet: 0xdE101D00B1C18853735CB3D755DbD24e566223CD
2026-05-28 06:52:31 - wallet_gen - DEBUG - Generated wallet: 0x12abcA8f6B9bD6040Faa64c6A5A44702Cbd76D58
2026-05-28 06:52:31 - wallet_gen - DEBUG - Generated wallet: 0x56bcC80bAC636AC6891206e5D03D4bFEa5d36718
2026-05-28 06:52:31 - wallet_gen - DEBUG - Generated wallet: 0x18d8D7d5f4038c81946E5109ED89307E72AC6356
2026-05-28 06:52:31 - wallet_gen - DEBUG - Generated wallet: 0x4FEACB05Fc8aCE3669b7978dcdeC2ABF3cEf58De
2026-05-28 06:52:31 - wallet_gen - DEBUG - Generated wallet: 0xB1aE45138E165784a2DaE6BE497bD9E2d4949a6f
2026-05-28 06:52:31 - wallet_gen - DEBUG - Generated wallet: 0x73873616a431734a0E80C6841B41B1379274485E
2026-05-28 06:52:31 - wallet_gen - DEBUG - Generated wallet: 0xEfF1e4F3B48e2BF957031453fa567DCdBB690829
2026-05-28 06:52:31 - wallet_gen - DEBUG - Generated wallet: 0x35D5081dFeAA67135ef349672193B447015C5c61
2026-05-28 06:52:31 - wallet_gen - DEBUG - Generated wallet: 0xa8655C9649A8a95477463a0513Fb27d2C10fAF2F
2026-05-28 06:52:31 - wallet_gen - DEBUG - Generated wallet: 0xD4667b597B3d6Eae4ae9b3d431c5249C3110D06a
2026-05-28 06:52:31 - wallet_gen - DEBUG - Generated wallet: 0xF6D8fB9B2f5558F91c42024780df13569c357870
2026-05-28 06:52:31 - wallet_gen - DEBUG - Generated wallet: 0x2b485e0B6E51A1829D45720e24D4831BeD2E94d9
2026-05-28 06:52:31 - wallet_gen - DEBUG - Generated wallet: 0x3E571e22C8746f7c4aB3f75d7e1555f50E55dDA2
2026-05-28 06:52:31 - wallet_gen - INFO - Generation completed: 1000 wallets generated
2026-05-28 06:52:31 - wallet_gen - INFO - Database connection closed
2026-05-29 01:09:29 - wallet_gen - INFO - Connected to database: /tmp/tmpl_wtg7er/test_wallets.db
2026-05-29 01:09:29 - wallet_gen - INFO - Wallets table created or verified
2026-05-29 01:09:29 - wallet_gen - DEBUG - Generated wallet: 0xF634CB5d367cc242024B13601e3De2f9039F2C15
2026-05-29 01:09:29 - wallet_gen - DEBUG - Generated wallet: 0x0dBe8044CC83FAAa811ECA4Aea40beFDD5A4D04D
2026-05-29 01:09:29 - wallet_gen - DEBUG - Generated wallet: 0x06d79732E70829b083a9cBAa06890065d9D577b7
2026-05-29 01:09:29 - wallet_gen - DEBUG - Generated wallet: 0x292E0Bb4937BFB3e16497aF128deab7318Eeab5A
2026-05-29 01:09:29 - wallet_gen - DEBUG - Generated wallet: 0x3A9CDE0104f381F99Fe74Ba0D573b5D590f8348f
2026-05-29 01:09:29 - wallet_gen - INFO - Database connection closed
2026-05-29 01:09:53 - wallet_gen - INFO - Connected to database: /tmp/tmpgxegmayu/direct_test.db
2026-05-29 01:09:53 - wallet_gen - INFO - Wallets table created or verified
2026-05-29 01:09:53 - wallet_gen - DEBUG - Generated wallet: 0x131E18022d271AdA7a1fE182b9C676ef227388AB
2026-05-29 01:09:53 - wallet_gen - DEBUG - Generated wallet: 0x65BBfC08f9ba47741FB1b42Ea141bb385AB13f83
2026-05-29 01:09:53 - wallet_gen - DEBUG - Generated wallet: 0x3021CF4c98D1FB1b1A11337BC5330A89BC10dba5
2026-05-29 01:09:53 - wallet_gen - INFO - Generation completed: 3 wallets generated
2026-05-29 01:09:53 - wallet_gen - INFO - Database connection closed
2026-05-29 01:09:53 - wallet_gen - INFO - Connected to database: /tmp/tmptvzh59i6/return_type_test.db
2026-05-29 01:09:53 - wallet_gen - INFO - Wallets table created or verified
2026-05-29 01:09:53 - wallet_gen - INFO - Connected to database: /tmp/tmptvzh59i6/return_type_test.db
2026-05-29 01:09:53 - wallet_gen - INFO - Wallets table created or verified
2026-05-29 01:09:53 - wallet_gen - DEBUG - Generated wallet: 0xA15Bb01CAE194ea75D3CDDdd053b4Fa299B76Dd9
2026-05-29 01:09:53 - wallet_gen - DEBUG - Generated wallet: 0x43d8aed327D0364D4F6D673ACABC10F87204990d
2026-05-29 01:09:53 - wallet_gen - INFO - Database connection closed
2026-05-29 01:09:53 - wallet_gen - INFO - Database connection closed
2026-05-29 01:10:15 - wallet_gen - INFO - Connected to database: /tmp/tmpwhgyj4dh/direct_test.db
2026-05-29 01:10:15 - wallet_gen - INFO - Wallets table created or verified
2026-05-29 01:10:15 - wallet_gen - DEBUG - Generated wallet: 0x44194Ff51Eb9ffbeF89CB7961160112334bdbD55
2026-05-29 01:10:15 - wallet_gen - DEBUG - Generated wallet: 0xe04F91A2FB09B59f609c122F27D088F579809d25
2026-05-29 01:10:15 - wallet_gen - DEBUG - Generated wallet: 0x8DF0198Bc760D488601eF7f0bD8F3e6979b1E004
2026-05-29 01:10:15 - wallet_gen - INFO - Generation completed: 3 wallets generated
2026-05-29 01:10:15 - wallet_gen - INFO - Database connection closed
2026-05-29 01:10:15 - wallet_gen - INFO - Connected to database: /tmp/tmp4qj4371m/return_type_test_gen.db
2026-05-29 01:10:15 - wallet_gen - INFO - Wallets table created or verified
2026-05-29 01:10:15 - wallet_gen - INFO - Connected to database: /tmp/tmp4qj4371m/return_type_test_gen.db
2026-05-29 01:10:15 - wallet_gen - INFO - Wallets table created or verified
2026-05-29 01:10:15 - wallet_gen - DEBUG - Generated wallet: 0xE1BC238911f1549Ce44B0262113F425aCA184fad
2026-05-29 01:10:15 - wallet_gen - DEBUG - Generated wallet: 0xBDdc9ca76274cA69559DF9E831AB94dcFEE91209
2026-05-29 01:10:15 - wallet_gen - INFO - Database connection closed
2026-05-29 01:10:15 - wallet_gen - INFO - Database connection closed
2026-05-29 01:10:37 - wallet_gen - INFO - Connected to database: /tmp/tmp0nlvja65/direct_test.db
2026-05-29 01:10:37 - wallet_gen - INFO - Wallets table created or verified
2026-05-29 01:10:37 - wallet_gen - DEBUG - Generated wallet: 0x164Fa25cfD4B10c0f8a7835F1a2efd586a7484f0
2026-05-29 01:10:37 - wallet_gen - DEBUG - Generated wallet: 0x45E1Fd11B05ada0eEB48Db6952eEc4755C9dF9B9
2026-05-29 01:10:37 - wallet_gen - DEBUG - Generated wallet: 0x41bAF0580eEde1129E81FaC626b5844898fBba5E
2026-05-29 01:10:37 - wallet_gen - INFO - Generation completed: 3 wallets generated
2026-05-29 01:10:37 - wallet_gen - INFO - Database connection closed
2026-05-29 01:10:37 - wallet_gen - INFO - Connected to database: /tmp/tmpgbhr9et9/return_type_test_gen.db
2026-05-29 01:10:37 - wallet_gen - INFO - Wallets table created or verified
2026-05-29 01:10:37 - wallet_gen - INFO - Connected to database: /tmp/tmpgbhr9et9/return_type_test_gen.db
2026-05-29 01:10:37 - wallet_gen - INFO - Wallets table created or verified
2026-05-29 01:10:37 - wallet_gen - DEBUG - Generated wallet: 0xc5E2cd856B8a38EAa77206faa64fbcabcA95Cf9f
2026-05-29 01:10:37 - wallet_gen - DEBUG - Generated wallet: 0x10EcB6E37D79A8e9dc12e3Af1f53f2F91Ed070c2
2026-05-29 01:10:37 - wallet_gen - INFO - Database connection closed
2026-05-29 01:10:37 - wallet_gen - INFO - Database connection closed
2026-05-29 01:10:43 - wallet_gen - INFO - Connected to database: /tmp/tmpq03j5t3b/test_wallets.db
2026-05-29 01:10:43 - wallet_gen - INFO - Wallets table created or verified
2026-05-29 01:10:43 - wallet_gen - DEBUG - Generated wallet: 0xe61F0BA0508c0597f1A5115a65cFae94850576a2
2026-05-29 01:10:43 - wallet_gen - DEBUG - Generated wallet: 0x23e62bc6dA068E5F4273F2D2Bc6D5270F5691123
2026-05-29 01:10:43 - wallet_gen - DEBUG - Generated wallet: 0x11d4dc89D398DAa217Bfe92308F7f7eC696e0397
2026-05-29 01:10:43 - wallet_gen - DEBUG - Generated wallet: 0xD97c688d1A3D1078418Aeea17e20Ca5c9CB7926F
2026-05-29 01:10:43 - wallet_gen - DEBUG - Generated wallet: 0x5B2dC3Dcc029938368806217d300D48aB0643E05
2026-05-29 01:10:43 - wallet_gen - INFO - Database connection closed
2026-05-29 01:10:43 - wallet_gen - INFO - Connected to database: /tmp/tmp39mba8kk/direct_test.db
2026-05-29 01:10:43 - wallet_gen - INFO - Wallets table created or verified
2026-05-29 01:10:43 - wallet_gen - DEBUG - Generated wallet: 0x014b211A77Fe95E9557284e568F4156Dbdbd8a06
2026-05-29 01:10:43 - wallet_gen - DEBUG - Generated wallet: 0xb429dcA586973DCCf3221B4044B3cd86D561ad6C
2026-05-29 01:10:43 - wallet_gen - DEBUG - Generated wallet: 0x6Cb6da9df5FBBfd944B608c7Fd3c4b03e8bDbBb4
2026-05-29 01:10:43 - wallet_gen - INFO - Generation completed: 3 wallets generated
2026-05-29 01:10:43 - wallet_gen - INFO - Database connection closed
2026-05-29 01:10:43 - wallet_gen - INFO - Connected to database: /tmp/tmpyihyd0v_/return_type_test_gen.db
2026-05-29 01:10:43 - wallet_gen - INFO - Wallets table created or verified
2026-05-29 01:10:43 - wallet_gen - INFO - Connected to database: /tmp/tmpyihyd0v_/return_type_test_gen.db
2026-05-29 01:10:43 - wallet_gen - INFO - Wallets table created or verified
2026-05-29 01:10:43 - wallet_gen - DEBUG - Generated wallet: 0x86Be604390CAd03Ff5C22af554cB113C6dC43514
2026-05-29 01:10:43 - wallet_gen - DEBUG - Generated wallet: 0xC002a19975E9a4330817C857b659F273090F3d2e
2026-05-29 01:10:43 - wallet_gen - INFO - Database connection closed
2026-05-29 01:10:43 - wallet_gen - INFO - Database connection closed
2026-05-30 09:02:27 - wallet_gen - INFO - Connected to database: /tmp/tmpp9jjj0wp/direct_test.db
2026-05-30 09:02:27 - wallet_gen - INFO - Wallets table created or verified
2026-05-30 09:02:27 - wallet_gen - DEBUG - Generated wallet: 0x8A80bE14C960C90Fe86358879434E56b8adC8091
2026-05-30 09:02:27 - wallet_gen - DEBUG - Generated wallet: 0x72Ad3a968cC34EFE6B9ba147b08833bde64C18C6
2026-05-30 09:02:27 - wallet_gen - DEBUG - Generated wallet: 0x410dC2E3FD4397209d14f22dd007dF081e48e954
2026-05-30 09:02:27 - wallet_gen - INFO - Generation completed: 3 wallets generated
2026-05-30 09:02:27 - wallet_gen - INFO - Database connection closed
2026-05-30 09:02:27 - wallet_gen - INFO - Connected to database: /tmp/tmpag9jm_pa/return_type_test_gen.db
2026-05-30 09:02:27 - wallet_gen - INFO - Wallets table created or verified
2026-05-30 09:02:27 - wallet_gen - INFO - Connected to database: /tmp/tmpag9jm_pa/return_type_test_gen.db
2026-05-30 09:02:27 - wallet_gen - INFO - Wallets table created or verified
2026-05-30 09:02:27 - wallet_gen - DEBUG - Generated wallet: 0x4A6f381FbD18a9300689f22374EEfBDA086FfEA4
2026-05-30 09:02:27 - wallet_gen - DEBUG - Generated wallet: 0x3FA407C99bEbb26B511b2e85Ed005EA0E9415643
2026-05-30 09:02:27 - wallet_gen - INFO - Database connection closed
2026-05-30 09:02:27 - wallet_gen - INFO - Database connection closed
2026-05-30 09:02:37 - wallet_gen - INFO - Connected to database: /tmp/tmp1fx0fx3s/test_wallets.db
2026-05-30 09:02:37 - wallet_gen - INFO - Wallets table created or verified
2026-05-30 09:02:37 - wallet_gen - DEBUG - Generated wallet: 0x4da55Ba69cB4f4a5F3cc14ADFe697A2040F498B0
2026-05-30 09:02:37 - wallet_gen - DEBUG - Generated wallet: 0xA6209051F85Be597eEC0388bDf6aab87451a4494
2026-05-30 09:02:37 - wallet_gen - DEBUG - Generated wallet: 0xE8503a3125B48bb1DF3aA6C6BA5d3A3f4d75FEe2
2026-05-30 09:02:37 - wallet_gen - DEBUG - Generated wallet: 0x3248D65AC5EE3A09cD5208506A138F48A43a90A2
2026-05-30 09:02:37 - wallet_gen - DEBUG - Generated wallet: 0xCc34fe63b1362Ce1611759F5EB7f77EbFD5D3D55
2026-05-30 09:02:37 - wallet_gen - INFO - Database connection closed
2026-05-30 09:03:36 - wallet_gen - INFO - Connected to database: /tmp/tmpz3655uf9/direct_test.db
2026-05-30 09:03:36 - wallet_gen - INFO - Wallets table created or verified
2026-05-30 09:03:36 - wallet_gen - DEBUG - Generated wallet: 0x1E00706eD035808049aEdD6B3f838eBe28B8207D
2026-05-30 09:03:36 - wallet_gen - DEBUG - Generated wallet: 0xB3465a8AF052D067E6E347D315C9e7Cc092836B2
2026-05-30 09:03:36 - wallet_gen - DEBUG - Generated wallet: 0x6e3B32Bd93ea9Ddce044fca44CdD74D8d62f5Ac3
2026-05-30 09:03:36 - wallet_gen - INFO - Generation completed: 3 wallets generated
2026-05-30 09:03:36 - wallet_gen - INFO - Database connection closed
2026-05-30 09:03:36 - wallet_gen - INFO - Connected to database: /tmp/tmptskmou59/return_type_test_gen.db
2026-05-30 09:03:36 - wallet_gen - INFO - Wallets table created or verified
2026-05-30 09:03:36 - wallet_gen - INFO - Connected to database: /tmp/tmptskmou59/return_type_test_gen.db
2026-05-30 09:03:36 - wallet_gen - INFO - Wallets table created or verified
2026-05-30 09:03:36 - wallet_gen - DEBUG - Generated wallet: 0x4312C621A50a16D7f2cF29b455354e7E82f41882
2026-05-30 09:03:36 - wallet_gen - DEBUG - Generated wallet: 0x812570EDc977BE9550277412f03F216a621eA046
2026-05-30 09:03:36 - wallet_gen - INFO - Database connection closed
2026-05-30 09:03:36 - wallet_gen - INFO - Database connection closed
